,Unnamed: 0,serviceCharge,heatingType,telekomTvOffer,newlyConst,balcony,picturecount,pricetrend,telekomUploadSpeed,totalRent,yearConstructed,firingTypes,hasKitchen,cellar,yearConstructedRange,baseRent,livingSpace,geo_krs,condition,interiorQual,petsAllowed,streetPlain,lift,baseRentRange,typeOfFlat,geo_plz,noRooms,thermalChar,floor,numberOfFloors,noRoomsRange,garden,livingSpaceRange,regio3,description,facilities
0,0,245.0,central_heating,ONE_YEAR_FREE,False,False,6,4.62,10.0,840.0,1965.0,oil,False,True,2.0,595.0,86.0,Dortmund,well_kept,normal,negotiable,Schüruferstraße,False,4,ground_floor,44269,4.0,181.4,1.0,3.0,4,True,4,Schüren,"[-1.83775112e-01  2.21321046e-01  1.88993454e-01 -7.94875715e-03
  5.27566195e-01  1.69549370e-04 -1.39627922e-02 -2.84260511e-01
  1.40260816e-01  2.24009544e-01  1.02679715e-01  1.18907765e-01
 -1.61494106e-01  2.40366727e-01 -4.21049353e-03 -7.64663666e-02
 -3.24507147e-01  9.59732980e-02  1.45456299e-01  4.62557450e-02
 -1.60097778e-01 -1.25466734e-01  1.41338497e-01 -6.23266101e-02
 -9.76774096e-02 -1.14622161e-01  1.27832472e-01 -1.44310459e-01
 -1.62871808e-01  4.42448035e-02 -1.45872951e-01  3.17954153e-01
 -1.01882875e-01 -4.45562750e-02 -1.69182837e-01  3.65803242e-02
  1.70540474e-02 -1.22354336e-01  3.19847167e-02 -1.74523026e-01
 -1.48014531e-01 -5.29305153e-02 -2.51335114e-01  1.11301169e-01
  2.39703029e-01 -3.59641910e-02 -3.21628451e-01 -8.91006738e-02
 -1.25650138e-01 -2.23329991e-01  1.56770945e-01  1.25688175e-03
  3.40111107e-02  1.67604268e-01 -2.52201438e-01 -1.19438425e-01
  2.91236103e-01  7.12983385e-02 -1.95237547e-01  4.94090281e-02
 -5.03495038e-02 -3.36890012e-01  2.26581693e-01  1.64559007e-01
  8.14071000e-02 -3.15518022e-01  2.36691549e-01 -3.29243362e-01
 -1.74062341e-01 -1.40575588e-01 -2.66283825e-02 -9.26768929e-02
  1.64771378e-01  1.15384012e-01 -1.10153183e-02 -1.38519794e-01
 -3.21835466e-02 -2.09635980e-02 -4.54126485e-02  2.70436816e-02
 -1.43287014e-02 -1.32602200e-01  1.03064612e-01 -9.57371593e-02
 -2.52156198e-01  1.15285013e-02 -3.10716987e-01  2.20947027e-01
  7.04379529e-02  1.19370677e-01  3.99971977e-02  6.10458814e-02
 -1.08552247e-01  1.77500159e-01 -1.24591663e-01  8.03944767e-02
 -1.47019252e-02 -2.25248411e-01 -3.59958895e-02  1.32222176e-01
 -1.21922091e-01  1.56887360e-02  1.42973647e-01  1.59024894e-02
  1.17501095e-01  3.36532891e-01 -1.24539472e-01 -2.00094074e-01
  2.92162180e-01  2.78323554e-02 -1.29185513e-01 -2.12186843e-01
  3.62921298e-01  6.54626787e-02 -2.71331280e-01  1.13513991e-01
  2.08961383e-01 -1.86368138e-01 -2.82543957e-01 -1.13995589e-01
 -1.59812257e-01  7.13271797e-02 -1.00358613e-02  4.78833914e-02
 -2.05064386e-01 -2.09979918e-02  5.94236478e-02 -2.69704849e-01
 -1.25642538e-01 -2.32454509e-01 -2.57413507e-01  9.16457623e-02
  2.99571276e-01  1.09651826e-01  8.51784796e-02 -1.28363669e-01
  4.99597415e-02 -3.32409292e-02 -3.15003991e-01 -3.17262471e-01
  1.27370608e+00  4.99086082e-02 -2.21109658e-01  1.38970613e-01
  1.23356231e-01 -1.87022582e-01 -8.72807391e-03  1.58707023e-01
 -2.13726722e-02  1.44254088e-01  5.59765920e-02 -1.64428189e-01
 -1.63100660e-02  2.95824587e-01 -2.90596485e-01  1.60288103e-02
  2.92277902e-01 -6.05202094e-03  1.51496321e-01  5.09167276e-03
  7.43369609e-02  1.37517959e-01 -2.36804575e-01 -9.60057601e-02
  3.19401268e-03 -8.84187818e-02  3.37390304e-02  6.87674060e-03
  1.06222582e+00 -2.84135509e-02  4.72343713e-02 -7.77608678e-02
  9.29806978e-02 -1.71466440e-01 -2.26046294e-02 -4.39773262e-01
 -3.70055661e-02 -4.90248464e-02  7.55315199e-02 -1.51130676e-01
 -2.93504655e-01 -4.44241613e-02 -2.61822402e-01  1.40209168e-01
  2.91159034e-01  2.00552046e-01 -2.17251718e-01 -1.38322890e-01
  1.23885654e-01  4.36776280e-02  1.34734400e-02  2.01174974e-01
  3.88081968e-02  2.24672444e-02  2.54973203e-01 -1.89452410e-01
  8.83710291e-03  1.23950085e-02  1.14197999e-01 -4.00639147e-01
 -4.39053595e-01 -1.12175301e-01 -1.40730843e-01 -1.02476478e-01
 -2.17564702e-02 -2.67793834e-01 -2.01877177e-01 -1.37609020e-01
 -1.86743736e-01 -2.95482650e-02  6.05954975e-02  4.17666435e-02
 -1.28060490e-01  2.76930369e-02 -6.68861568e-02 -3.23475957e-01
  2.33166710e-01 -4.00880687e-02  3.94507855e-01 -3.45495880e-01
  9.02437121e-02 -1.67300608e-02 -1.35325730e-01  1.52081981e-01
 -3.84996474e-01 -1.01546094e-01  1.99681204e-02  6.35079026e-01
 -1.81783289e-01  3.11845657e-03  6.22499175e-02  1.35176837e-01
 -8.17142129e-02 -2.36039758e-02 -2.76088957e-02  2.47573107e-02
  4.36298609e-01  2.06121266e-01  4.04104680e-01  3.26914132e-01
  1.70007516e-02  9.34300348e-02  2.80066393e-04  1.88082576e-01
 -4.71900180e-02 -5.78138120e-02 -8.55685920e-02  4.63277176e-02
  3.49794850e-02 -1.12082250e-01 -9.74357575e-02  1.39936700e-01
  1.71218067e-02  9.63735729e-02 -7.58003742e-02  9.63835716e-02
  2.81527400e-01  1.67928338e-02  1.12392671e-01  1.00427039e-01
 -4.39643919e-01  3.63470279e-02 -1.24958539e-02 -2.25218851e-02
  1.94260806e-01 -8.49865898e-02 -2.51214411e-02  6.44856393e-02
 -2.51402676e-01 -6.24052621e-02 -2.03025475e-01  1.10121712e-01
 -1.37762427e-01  1.74685627e-01 -6.27860278e-02 -1.15975514e-01
  1.42575324e-01 -1.21791661e-01  4.92904596e-02 -7.56312236e-02
 -3.59514505e-02  8.96105319e-02  3.07701528e-02 -3.65662396e-01
  1.93197224e-02  5.82981594e-02  1.12209976e-01 -8.35638642e-02
  3.43395248e-02 -1.89047575e-01 -8.21310803e-02 -2.16772228e-01
  2.14307755e-01  2.12645695e-01  2.28926420e-01 -7.37268431e-03
 -1.38936281e-01 -1.90678611e-02 -2.68100291e-01 -1.61074007e+00
 -4.36599076e-01 -2.41865754e-01  3.41693521e-01 -1.09833762e-01
 -2.15732723e-01 -1.83166057e-01  1.11985952e-01  5.05921021e-02
  8.26577470e-02  3.09088200e-01  1.97553948e-01 -2.68868774e-01
  7.76451975e-02  9.43711400e-03  1.19186848e-01  1.90680712e-01
  2.09641233e-01  2.81894863e-01 -1.23047508e-01  5.74287400e-03
 -5.06723709e-02 -1.12485893e-01  9.33834016e-02 -5.66190332e-02
  2.73234367e-01  2.86960858e-03 -3.14215794e-02  2.12484509e-01
  1.85252443e-01  2.39779040e-01 -5.16316760e-03  2.40997635e-02
 -3.53903323e-01 -2.00964659e-02  1.83213323e-01 -2.68738329e-01
 -3.50686908e-02 -3.08769464e-01  2.61688709e-01 -3.03591281e-01
  1.84004217e-01 -9.44389403e-02  1.63812518e-01  2.37862259e-01
 -1.29670322e-01 -1.28170606e-02  8.32694024e-02 -2.57981867e-01
  3.22914004e-01 -2.67005898e-02 -1.66079760e-01  3.21398467e-01
 -1.94853306e-01 -3.52454007e-01  9.37651321e-02 -9.96155441e-02
  6.11091107e-02 -1.52199581e-01 -1.28064573e-01  5.96423298e-02
 -1.27948612e-01 -1.36232018e-01 -4.60361093e-01  4.08340758e-03
  2.24285975e-01  1.01376185e-02 -3.14634323e-01  7.50777423e-02
  3.19661587e-01  2.35357970e-01 -3.15962970e-01 -2.07792804e-01
 -2.32361659e-01 -1.94737554e-01  3.02510619e-01  3.17883603e-02
 -3.85041535e-02 -2.00061083e-01  7.47394636e-02 -8.98552984e-02
  2.19648510e-01  6.41926900e-02  7.88732171e-02  1.25356823e-01
 -1.11620083e-01  2.11044773e-01 -1.34144679e-01 -1.90875739e-01
  2.06390426e-01 -3.42788935e-01  2.86574215e-02 -3.44387561e-01
  1.85295433e-01  1.84584647e-01 -6.51764404e-03 -8.62461925e-02
 -2.51549110e-03 -1.77199151e-02  4.59301949e-01 -1.39843255e-01
 -1.07098758e-01 -3.10109973e-01 -7.41973072e-02 -1.75191209e-01
 -2.18077898e-01 -1.42200336e-01 -1.14845093e-02 -2.14382857e-01
 -9.02910531e-02 -9.03160870e-02  4.19741049e-02  4.01881747e-02
 -1.96458042e-01 -2.72005796e-01  6.58926070e-02  2.70937204e-01
  1.40984744e-01  1.51835963e-01 -8.50507170e-02  1.08086325e-01
  3.84594500e-01 -2.46282406e-02  2.48967297e-02 -2.96124518e-02
 -1.46917161e-02 -3.57180357e-01 -1.69048995e-01 -5.27163297e-02
 -2.29845539e-01  1.68632686e-01  3.90891463e-01 -3.99940312e-01
 -9.55827534e-02 -3.14105034e-01 -2.23294366e-02 -8.97928327e-02
 -1.01715252e-01  1.58435386e-02 -1.28705919e-01  1.93136334e-01
  5.93068488e-02  1.26323149e-01  2.31657803e-01  3.50666642e-01
 -1.86708093e-01 -1.39562011e-01  5.79462647e-02 -1.16820902e-01
  1.01740047e-01 -1.31653994e-03 -1.46247327e-01 -8.15933347e-02
 -1.86673403e-01  7.28467107e-03 -5.41487753e-01 -9.90993828e-02
 -1.97563663e-01  5.22674322e-02  9.55879912e-02 -1.69175282e-01
  9.02164578e-02 -3.42941582e-01 -1.35818735e-01 -2.12803800e-02
 -1.82469666e-01  2.60749102e-01  2.21635476e-01 -1.24125198e-01
  1.21662393e-04 -1.69608414e-01 -9.77369323e-02 -1.44780621e-01
  1.46192148e-01  4.80401516e-02 -1.24807201e-01  7.67937824e-02
  1.13958463e-01 -9.47507769e-02 -1.31774709e-01  2.71005817e-02
 -1.83059335e-01  3.16288397e-02 -1.11465402e-01  3.69842611e-02
 -1.76824396e-03 -6.10869884e-01 -3.84911150e-02 -1.94554999e-01
 -9.38588288e-03 -5.92752844e-02  6.39961064e-02 -1.04257865e-02
 -1.27455562e-01  2.60174759e-02  9.80166495e-02 -1.15954347e-01
 -1.07477941e-01  9.28426087e-02  2.56600082e-02 -7.16556609e-02
  9.70229283e-02 -2.62846559e-01  2.47971922e-01  6.80417791e-02
  9.23825279e-02  6.81315809e-02  1.73918098e-01 -1.13342712e-02
  4.21865657e-02 -8.19800794e-02 -2.46096194e-01  2.63502803e-02
 -2.53614306e-01 -8.22577700e-02  1.64754540e-01 -2.25118816e-01
  3.51994336e-01  3.36797833e-01 -9.61995274e-02 -2.29251623e-01
 -2.60413811e-02 -2.64080584e-01 -2.35377830e-02 -2.34885737e-01
  4.06187437e-02 -2.79219568e-01 -1.29474318e-02  2.12627370e-02
 -1.12600036e-01 -2.50326097e-01  9.33661163e-02  3.99484374e-02
 -8.18649679e-02  1.61705285e-01 -2.98263550e-01 -3.54990326e-02
  4.37135994e-02  5.62624782e-02  2.22994968e-01 -1.79676250e-01
  5.80638181e-03  4.35467549e-02 -1.33571073e-01 -1.11995563e-01
 -2.78835237e-01 -1.61170959e-01 -2.63200104e-01  3.71031389e-02
  1.51694357e-01  2.27133883e-03 -1.16317436e-01  7.40318447e-02
 -2.64090896e-01  1.66745201e-01 -2.70959795e-01  2.74646938e-01
 -2.16567386e-02 -3.53217989e-01 -1.31551728e-01 -3.33774328e-01
 -4.17603739e-02 -2.24898040e-01 -2.67023385e-01  2.16827273e-01
 -1.66180894e-01 -4.40144390e-02 -2.73104236e-02 -8.39962214e-02
  9.33247507e-02 -1.25256911e-01  9.18639004e-02  1.03320517e-01
  4.97355014e-02 -5.06914370e-02  6.41730279e-02 -2.71704257e-01
 -1.26439184e-01  1.05130136e-01  1.00757472e-01  2.50739694e-01
 -4.04650569e-01  9.48800705e-04  1.20853148e-01 -4.81315941e-01
  1.04726471e-01  1.11032680e-01  2.41908580e-02 -2.41745748e-02
  8.45289975e-03 -1.34540707e-01 -2.66975444e-03  1.11987963e-01
  6.44324943e-02 -1.01942047e-01 -1.08087480e-01  7.52283931e-02
 -1.75224900e-01  2.09338978e-01  1.11035211e-03 -4.08935780e-03
  2.98055466e-02  3.13827321e-02 -1.53540909e-01  1.68190554e-01
 -7.68619776e-02  4.38155979e-02  1.75926328e-01  2.67173260e-01
  2.59185493e-01 -1.11366689e-01  2.44643450e-01 -1.53523415e-01
  4.51712981e-02  1.23519160e-01  1.92390263e-01 -3.28832150e-01
  1.03146240e-01  1.31438896e-01 -1.71893239e-01 -1.89225450e-02
 -4.55612540e-02 -5.13547622e-02  1.57777339e-01 -1.68858379e-01
  4.13628779e-02  1.31084034e-02  1.62158817e-01 -6.03648648e-02
  1.53059036e-01 -5.62830746e-01  3.32854427e-02 -5.76888360e-02
 -1.50455199e-02  3.67882848e-01 -1.30728394e-01  1.55157596e-01
 -3.90260279e-01 -2.35130027e-01  2.30208591e-01 -3.69483121e-02
 -8.42107832e-02  2.99208343e-01  2.69563459e-02 -1.49666861e-01
  6.05600104e-02  1.01193391e-01 -9.87493545e-02 -5.06273285e-02
 -1.45179361e-01 -3.01056802e-01  2.18096804e-02  1.47178620e-01
  5.05752712e-02 -1.73669234e-01 -2.79677570e-01  1.57536730e-01
 -3.00974622e-02 -1.50219323e-02 -2.18942553e-01 -2.25613371e-01
  3.86471935e-02  3.84778455e-02  5.94999120e-02  3.14608634e-01
  5.84961474e-02  1.85317904e-01 -4.53944579e-02 -3.62472720e-02
 -1.03761062e-01 -2.55727977e-01 -1.88307881e-01  1.49784386e-01
 -1.54246598e-01 -1.78731829e-01 -2.74577498e-01  1.44569362e-02
  1.42757237e-01  4.85025123e-02  9.37351808e-02 -2.41163269e-01
 -2.17378527e-01 -4.60439250e-02  2.93271661e-01  2.62848854e-01
  1.50325894e-01 -3.51689011e-02 -3.37136507e-01 -1.71306148e-01
 -1.17593192e-01 -1.07149119e-02  1.71909407e-02  2.41195023e-01
  3.85379136e-01 -5.10499403e-02 -1.20075434e-01  1.48000658e-01
  2.72704124e-01  1.01070583e-01  5.38185462e-02 -3.33187431e-02
 -2.09469363e-01 -1.93118155e-01 -1.54763218e-02  4.71591204e-02
  2.83298612e-01  1.03060864e-01 -1.50502160e-01 -2.49108791e-01
  1.58218011e-01 -2.94766039e-01  1.03493430e-01 -1.02978513e-01
 -1.92160197e-02 -6.43612295e-02 -4.49803561e-01 -4.10811156e-02
 -1.16571732e-01  2.09410582e-02 -3.93552855e-02  2.14173526e-01
  1.25713944e-01  1.97585791e-01  2.29723141e-01 -6.06883802e-02
 -2.82586336e-01 -7.70448148e-02 -2.22439766e-02  3.67081910e-01
 -1.59312904e-01  2.96669528e-02 -2.74376869e-01 -4.55908068e-02
  1.00484118e-02 -6.45410344e-02 -1.37972655e-02 -2.65062600e-02
 -2.93306038e-02 -1.48220453e-02  1.59477621e-01  5.19432407e-03
 -1.14901792e-02 -2.45886311e-01 -1.02707088e-01 -5.81314489e-02
 -1.26145229e-01  7.88473189e-02 -1.51951045e-01 -9.17657837e-02
 -2.49726847e-02 -6.69830479e-04  3.41692381e-02  1.13813378e-01
 -3.24096501e-01 -5.30097038e-02 -1.13379685e-02 -1.71715915e-01
 -4.21797395e-01 -2.19444737e-01  4.85926941e-02 -9.65016931e-02
 -5.24677709e-02  1.28447816e-01 -4.50467132e-03  1.94056466e-01
  5.36404476e-02 -2.40907371e-01 -7.37488195e-02  5.85332215e-02]","[-1.68023229e-01  2.40504414e-01  1.69079110e-01 -1.05472095e-02
  4.43585396e-01  2.40023024e-02 -3.65368044e-03 -2.78801620e-01
  9.58508849e-02  2.34639883e-01  1.44065589e-01  1.02442980e-01
 -1.18430138e-01  1.86026096e-01  1.98056847e-02 -5.18834777e-02
 -3.94197524e-01  5.81080467e-02  1.70184642e-01  8.59570950e-02
 -1.60481974e-01 -1.09538093e-01  1.75348490e-01  2.91838758e-02
 -4.78653088e-02 -1.26260579e-01  6.86394423e-02 -1.36658251e-01
 -1.24821573e-01 -1.03986785e-02 -1.80726767e-01  3.40850949e-01
 -1.09021246e-01 -8.01646560e-02 -1.52142316e-01  1.44928107e-02
  1.95763297e-02 -9.98467654e-02  6.96708709e-02 -1.92737639e-01
 -1.65750861e-01 -5.08663543e-02 -2.38437057e-01  1.30859733e-01
  3.20135772e-01 -5.64838573e-02 -2.60691285e-01 -1.56430721e-01
 -1.05532266e-01 -2.88698643e-01  1.76569745e-01 -3.02216858e-02
  2.16035563e-02  2.00586915e-01 -3.20236206e-01 -1.94439143e-01
  3.69827211e-01  1.17183164e-01 -1.72449455e-01  5.96508421e-02
  9.08914581e-03 -3.33784848e-01  2.16036916e-01  1.57439739e-01
  1.15406185e-01 -2.44632065e-01  2.25899547e-01 -3.08499396e-01
 -1.46338105e-01 -9.25272703e-02  3.64131220e-02 -9.39887613e-02
  2.31676519e-01  1.04775332e-01 -5.91876730e-03 -1.16654888e-01
 -5.44900298e-02  1.98095664e-02 -8.58683512e-02  7.65186315e-03
 -1.01862857e-02 -1.13946654e-01  1.27052488e-02 -6.88143447e-02
 -2.34615579e-01  4.83054668e-03 -2.79963493e-01  3.63903552e-01
  7.85063505e-02  1.78442582e-01 -6.54954165e-02  6.26733601e-02
 -6.06854931e-02  1.40588135e-01 -1.50714427e-01  8.91806036e-02
 -1.30775440e-02 -2.62299597e-01  4.71931621e-02  1.69428170e-01
 -1.91697061e-01 -1.01361685e-02  1.84992537e-01 -6.02081697e-03
  9.41945612e-02  3.23882848e-01 -1.10952422e-01 -1.95739478e-01
  4.22325075e-01 -4.43794020e-02 -2.30073363e-01 -2.11877227e-01
  3.77324432e-01  3.10029685e-02 -3.46816182e-01  9.16690454e-02
  2.65917122e-01 -2.62945294e-01 -2.22999334e-01 -1.63498133e-01
 -1.34271115e-01  5.65354675e-02  1.53297894e-02  8.21459442e-02
 -1.79332525e-01  2.71625891e-02  5.68142049e-02 -3.13252747e-01
 -2.14346930e-01 -2.86706269e-01 -2.05387279e-01  1.23298123e-01
  3.96315992e-01  1.21931612e-01  1.32066812e-02 -7.68152624e-03
  5.91786057e-02 -7.13347504e-03 -3.41169000e-01 -3.58216822e-01
  8.16446483e-01 -1.34953680e-02 -2.46366203e-01  1.63668290e-01
  2.16532454e-01 -1.94625378e-01  1.33906603e-02  1.25303984e-01
 -8.08688253e-03  1.46641910e-01 -1.42596932e-02 -1.81312874e-01
 -1.37910526e-02  2.99955606e-01 -2.44112283e-01  2.34373920e-02
  2.32683867e-01  3.18138078e-02  1.74805224e-01 -6.05779514e-02
  9.72041041e-02  1.62769794e-01 -3.88145387e-01 -7.01481402e-02
  5.63107878e-02 -1.09779261e-01  1.15317784e-01 -2.49842145e-02
  4.77497756e-01 -2.63121314e-02  1.24063835e-01 -2.37390865e-02
  1.32867396e-01 -1.63144022e-01 -3.87034416e-02 -4.97184396e-01
  1.70462020e-03 -9.97357070e-02  1.27317403e-02 -1.64951816e-01
 -3.57374042e-01 -3.45261544e-02 -2.38346636e-01  1.34523317e-01
  2.60912746e-01  2.32989311e-01 -2.03758597e-01 -1.05233312e-01
  1.27185151e-01  5.34510612e-02  4.76826578e-02  2.66546547e-01
 -5.38167916e-03  8.16979483e-02  2.66273171e-01 -2.09643424e-01
  3.68771218e-02  7.15339649e-03  9.42822397e-02 -4.24979746e-01
 -4.18278039e-01 -1.32640943e-01 -2.00313628e-01 -1.54697597e-01
  4.49322909e-03 -3.61884743e-01 -2.29356349e-01 -6.90116808e-02
 -2.84508646e-01  1.44301765e-02  3.92649993e-02 -2.59189494e-02
 -1.26811862e-01  8.23547840e-02 -3.31243984e-02 -3.14075202e-01
  1.79329187e-01 -2.79883835e-02  4.37342972e-01 -3.10241103e-01
  6.26275763e-02 -1.64371759e-01 -2.05480337e-01  1.28583968e-01
 -3.83317888e-01 -7.97638297e-02  2.80113705e-02  6.50024235e-01
 -1.60967261e-01 -1.36126922e-02  1.23052098e-01  1.84802845e-01
 -1.19785286e-01 -6.20604120e-02 -4.96317446e-03  3.52622895e-03
  4.09406781e-01  2.46281594e-01  3.96809965e-01  3.44777942e-01
  3.39719392e-02  1.06479302e-01 -4.11273502e-02  2.46796027e-01
 -6.96354033e-03  1.18838456e-02 -4.59495932e-02  8.90830606e-02
  4.84927446e-02 -1.07423767e-01 -6.84345737e-02  1.53748035e-01
  7.47886151e-02  5.38510457e-02 -1.26720011e-01  1.21018738e-01
  3.15232277e-01  6.88951090e-02  1.78420842e-01  7.55903274e-02
 -3.92682493e-01  6.55241013e-02 -8.73769522e-02  2.86399350e-02
  1.49029493e-01  5.05877733e-02  7.76871294e-02  4.90513481e-02
 -2.44507983e-01 -7.36274570e-02 -1.90219820e-01  1.27386302e-01
 -1.07542813e-01  2.78240323e-01 -9.54815000e-02 -1.80359453e-01
  1.64103389e-01 -1.23056881e-01  7.23044500e-02 -3.85642126e-02
 -3.04659456e-02  7.65382797e-02 -1.88204134e-03 -2.97779858e-01
 -1.56472530e-02  3.96339819e-02  1.32333696e-01 -8.56164545e-02
  5.10721244e-02 -2.00824335e-01  8.25230703e-02 -2.43153855e-01
  2.65862942e-01  1.37363821e-01  2.32788876e-01  3.62111032e-02
 -1.48583665e-01  2.27660295e-02 -2.46399686e-01 -1.69910991e+00
 -4.97730047e-01 -1.37436017e-01  3.44267219e-01 -9.32816863e-02
 -3.34146678e-01 -1.58463925e-01  6.39271885e-02  2.80284397e-02
  3.89149785e-02  3.19394380e-01  2.17926323e-01 -2.56267548e-01
  1.54446095e-01 -7.84273744e-02  1.18671447e-01  2.11970061e-01
  2.27827609e-01  3.09949517e-01 -1.08421713e-01 -3.06484159e-02
 -2.43663900e-02 -8.58845413e-02  1.09158345e-01 -2.52054632e-02
  2.96732724e-01 -8.98344964e-02 -1.70297287e-02  1.54815167e-01
  9.85346958e-02  2.08078623e-01 -5.31161800e-02 -2.12618615e-04
 -3.94055188e-01  6.16944488e-03  1.61719635e-01 -4.20629859e-01
 -9.27023031e-03 -3.26530904e-01  2.61636376e-01 -2.83378750e-01
  1.78445399e-01 -1.02497146e-01  2.32229382e-01  2.07826674e-01
 -1.28018767e-01 -4.85609099e-02  6.75392970e-02 -2.49127746e-01
  3.44206303e-01 -3.70823964e-02 -9.55398381e-02  3.18945467e-01
 -2.11167827e-01 -3.29020560e-01  2.02991087e-02 -9.46264565e-02
  3.50612514e-02 -1.91777945e-01 -6.77027255e-02  1.17529094e-01
 -1.87457055e-01 -1.52401984e-01 -4.97795552e-01 -3.47512364e-02
  2.27217078e-01  4.56580743e-02 -2.84230202e-01  1.59653530e-01
  3.33391875e-01  2.35630348e-01 -3.99370670e-01 -2.71300435e-01
 -2.00583547e-01 -1.67739123e-01  3.92004490e-01  3.52556817e-02
 -9.60600823e-02 -1.64080799e-01  1.91615924e-01 -8.89369398e-02
  1.99471086e-01  1.06757544e-01  1.70764655e-01  2.05796406e-01
 -1.86120987e-01  1.91918552e-01 -1.68741643e-01 -2.04565555e-01
  3.41610909e-01 -3.32325339e-01 -4.32659499e-02 -3.51833344e-01
  1.30561352e-01  2.32080191e-01 -1.21964797e-01 -4.54244874e-02
 -2.10756902e-03 -9.30204466e-02  4.54533994e-01 -3.58773135e-02
 -1.00597955e-01 -3.37967604e-01 -9.29706767e-02 -2.23027408e-01
 -1.84483707e-01 -1.32892266e-01  4.60346192e-02 -2.30271116e-01
 -8.33224803e-02 -3.47623322e-03  4.38184524e-03 -8.61434825e-03
 -1.85676455e-01 -2.47999907e-01  2.19867565e-02  2.39346698e-01
  1.07010849e-01  1.00307599e-01 -2.20303740e-02  1.25290781e-01
  3.17795157e-01  1.07998820e-02 -4.73999651e-03 -6.22088611e-02
  1.22652780e-02 -3.92612100e-01 -1.80125490e-01 -4.66163233e-02
 -2.73200035e-01  2.05187529e-01  3.19126576e-01 -3.99894774e-01
 -1.02982365e-01 -2.61061132e-01 -2.04883926e-02 -1.02082208e-01
 -1.04516074e-01  9.54263061e-02 -1.25836730e-01  2.85131395e-01
  1.43683374e-01  1.97268382e-01  2.10346788e-01  3.06090772e-01
 -1.90963939e-01 -1.82162881e-01  5.44469282e-02 -8.34275186e-02
  2.05302730e-01  1.88728198e-02 -1.01844683e-01  1.45462081e-02
 -1.59518346e-01 -3.22840847e-02 -5.44004500e-01 -1.34284526e-01
 -1.79636985e-01  2.22379398e-02  1.14217848e-01 -1.75138816e-01
  1.03736743e-01 -3.30364674e-01 -1.84753776e-01  8.17153007e-02
 -1.54857710e-01  2.32653022e-01  2.36190289e-01 -1.20393418e-01
 -7.83328041e-02 -1.40004963e-01 -1.32945865e-01 -1.37114048e-01
  2.91910470e-01  5.70165925e-02 -1.31597042e-01  8.00472796e-02
  9.21220332e-03 -6.98948372e-03 -1.22432835e-01  1.04895532e-01
 -2.11735457e-01  8.81803855e-02 -1.13230020e-01  8.23200718e-02
  2.47535063e-03 -7.32654572e-01 -4.61752713e-02 -1.79686546e-01
 -6.24440536e-02 -6.31136224e-02  8.01561847e-02  4.87550013e-02
 -2.00258702e-01 -1.27013149e-02  9.07277167e-02 -2.00686350e-01
 -1.38582259e-01  9.19285566e-02  1.39344364e-01 -5.04093356e-02
  1.43263474e-01 -3.35183173e-01  2.58507371e-01  5.55430353e-02
  8.04158393e-03  8.37238412e-03  1.56139433e-01 -5.72444089e-02
  5.45953736e-02 -1.29278630e-01 -2.88162649e-01  4.33074459e-02
 -2.16503471e-01 -4.49795611e-02  2.17323974e-01 -2.13905126e-01
  3.12995493e-01  4.29454058e-01 -1.22382253e-01 -1.78839996e-01
 -4.28160578e-02 -2.41446599e-01 -4.60533760e-02 -2.91519523e-01
  6.40367940e-02 -2.52771616e-01 -9.43665765e-03  3.48342881e-02
 -1.61805868e-01 -3.23203385e-01  1.64267212e-01 -3.54698412e-02
 -5.66505417e-02  2.55062997e-01 -4.09305990e-01 -9.46128294e-02
  6.02105632e-02  8.36334974e-02  2.63058543e-01 -1.74965784e-01
 -2.45925132e-02 -1.35720037e-02 -6.11365885e-02 -1.60671517e-01
 -2.61321932e-01 -2.11273104e-01 -2.12458447e-01  9.46501736e-03
  2.07183152e-01 -3.45552266e-02 -1.79992288e-01  5.68796396e-02
 -2.62205899e-01  1.62264675e-01 -1.88739210e-01  2.90098459e-01
 -1.15529120e-01 -3.02407265e-01 -1.16510183e-01 -2.78718531e-01
 -7.90980160e-02 -2.68214464e-01 -2.46077582e-01  2.33727217e-01
 -1.51477978e-01 -5.63549995e-02 -4.79507037e-02 -6.12499863e-02
  1.19401708e-01 -8.80655497e-02  1.09112024e-01  2.16634750e-01
  5.17297350e-02 -7.76165053e-02  3.03484984e-02 -2.29514167e-01
 -9.08204392e-02  9.89100784e-02  1.93844885e-02  2.52252221e-01
 -4.24942434e-01  2.29324810e-02  2.37344429e-02 -4.81291920e-01
  8.86971131e-02  9.55177695e-02 -5.88101372e-02 -7.37939309e-03
  1.45393182e-02 -3.31107825e-02  6.24905862e-02  1.42073840e-01
  1.02520779e-01 -1.13458000e-01 -1.92169100e-01  1.34236574e-01
 -2.47699656e-02  2.41417557e-01  5.69339953e-02 -2.93676499e-02
  8.09513964e-03  5.76548427e-02 -1.43908828e-01  2.06870139e-01
 -8.53562430e-02  9.43260267e-02  1.85552895e-01  3.09163570e-01
  3.07121158e-01 -1.30528197e-01  3.31784904e-01 -2.09924042e-01
  4.36722860e-02  1.74171567e-01  2.02820644e-01 -2.83614695e-01
  8.26137960e-02  1.63984746e-01 -2.04339251e-01  4.82117152e-03
 -9.44444761e-02 -8.63763914e-02  2.22435892e-01 -1.82818249e-01
 -7.40535464e-03  6.84177876e-02  1.46588892e-01 -7.35725462e-02
  1.63430616e-01 -5.83755493e-01 -1.74636841e-02 -2.18323134e-02
 -7.04484731e-02  3.98258626e-01 -1.40672266e-01  1.32564604e-01
 -3.68434221e-01 -2.41504312e-01  2.08439976e-01 -9.44502465e-03
 -7.59785622e-02  2.88775027e-01  3.01576825e-03 -1.70526862e-01
 -1.41023891e-02  6.21064082e-02 -1.00896537e-01  1.67865139e-02
 -2.51667738e-01 -2.64171720e-01  1.96088739e-02  1.42596081e-01
  6.03440702e-02 -1.20720178e-01 -2.25371659e-01  2.53235102e-01
 -3.63032147e-02 -4.11042161e-02 -1.39126420e-01 -2.03517869e-01
  4.57027107e-02  4.08471040e-02  9.53008831e-02  3.25473785e-01
  5.80994412e-02  1.71377897e-01 -3.71720381e-02 -9.68457535e-02
 -1.38171688e-01 -2.29036734e-01 -1.10214934e-01  1.15721352e-01
 -9.98510793e-02 -1.68060303e-01 -2.15352133e-01  2.57729553e-02
  1.12954900e-01  8.63873586e-03 -8.02014396e-03 -2.24476919e-01
 -2.26311982e-01  6.26227679e-03  3.14722270e-01  3.29653412e-01
  1.81257010e-01 -1.61018446e-02 -3.79692107e-01 -1.23233616e-01
 -1.55334681e-01 -2.99419742e-02  2.40475219e-02  2.22614124e-01
  2.90347934e-01 -6.53665140e-02 -1.84143111e-01  1.47177577e-01
  3.06832135e-01  6.70250058e-02 -2.22872254e-02  1.12492796e-02
 -2.70713687e-01 -2.04668313e-01 -8.24939162e-02  8.02413374e-02
  3.17657173e-01  1.65129021e-01 -1.23165295e-01 -2.72180587e-01
  1.50916085e-01 -3.93669009e-01  8.26627761e-02 -1.22506469e-01
 -2.54404545e-02 -1.58532951e-02 -4.21781540e-01 -2.08471771e-02
 -1.17776774e-01 -1.02113914e-02 -2.32632421e-02  1.52750880e-01
  1.21137142e-01  1.37669235e-01  2.30181202e-01 -6.02934174e-02
 -2.49236420e-01 -2.85850279e-02 -6.85703456e-02  4.11124110e-01
 -2.17694968e-01  1.86488852e-02 -1.91394269e-01 -3.36024165e-02
 -2.44189352e-02 -6.75224140e-03 -3.66111845e-02 -5.10307476e-02
 -1.01505788e-02 -5.62110879e-02  1.33015215e-01  4.42405418e-02
  4.83197570e-02 -2.46809795e-01 -1.19183220e-01 -5.75506911e-02
 -1.89128727e-01  1.50117040e-01 -1.39613882e-01 -3.07447575e-02
 -8.52091238e-02 -1.11364648e-01  5.64762391e-02  7.67765939e-02
 -2.68356442e-01 -7.87107795e-02 -7.12352246e-02 -1.99891657e-01
 -5.01614809e-01 -1.32386714e-01  5.43840230e-02 -1.33475006e-01
 -5.04110903e-02  6.24460280e-02  1.11129671e-01  1.93202883e-01
  8.09192434e-02 -2.28203401e-01 -5.60759790e-02  5.90095520e-02]"
1,1,255.0,floor_heating,ONE_YEAR_FREE,True,True,8,2.72,2.4,1300.0,2019.0,district_heating,False,True,9.0,965.0,83.8,Dresden,first_time_use,sophisticated,negotiable,Turnerweg,True,6,apartment,1097,3.0,96.85439071038252,3.0,4.0,3,False,4,Äußere_Neustadt_Antonstadt,"[-1.54177189e-01  2.60422945e-01  1.57967508e-01  1.82031188e-02
  4.47320223e-01  8.57765898e-02 -4.46326379e-03 -2.91884363e-01
  8.47306196e-03  2.61014462e-01  1.52227953e-01  7.21644536e-02
 -1.17141366e-01  1.98323071e-01  3.53677198e-02 -6.10705167e-02
 -4.55071181e-01  3.04319197e-04  1.85989708e-01  6.10419996e-02
 -1.86983734e-01 -7.70257488e-02  2.29754016e-01 -3.09571326e-02
 -6.05344325e-02 -4.88690026e-02  6.05327375e-02 -1.61257833e-01
 -1.51260078e-01  9.50759649e-03 -1.77347824e-01  2.95389771e-01
 -1.57041684e-01 -9.09030959e-02 -2.32831359e-01  1.35193802e-02
  3.67327854e-02 -1.40759856e-01  1.14932969e-01 -1.67000979e-01
 -2.23191470e-01 -3.09310053e-02 -3.22122395e-01  4.47656587e-02
  3.98522735e-01 -1.06758237e-01 -2.54508674e-01 -2.18728811e-01
 -1.03992790e-01 -3.38260353e-01  2.60014892e-01 -7.40142018e-02
  6.92964941e-02  2.18685418e-01 -2.93622702e-01 -1.86277390e-01
  3.21939647e-01  1.40605539e-01 -2.06980616e-01  1.26941577e-01
  5.69280013e-02 -3.23270082e-01  2.17484504e-01  2.05421180e-01
  7.93715417e-02 -1.99274436e-01  2.42983833e-01 -3.14496964e-01
 -1.19910792e-01 -1.26250774e-01 -1.56824430e-03 -1.17904164e-01
  2.09100038e-01  1.27799168e-01 -5.99642098e-02 -1.49688944e-01
 -8.02990273e-02  3.02441092e-03 -5.19420691e-02 -6.80972636e-02
 -4.61262986e-02 -1.83536261e-01  2.87597142e-02 -7.49023110e-02
 -3.35975349e-01  2.40759850e-02 -2.91506052e-01  4.95641947e-01
  4.44827750e-02  2.26136595e-01 -6.00521490e-02 -1.23463711e-02
 -5.40510044e-02  2.25808650e-01 -1.59415096e-01  9.50113386e-02
  5.42050749e-02 -2.97237098e-01 -2.99496725e-02  2.94213891e-01
 -2.23450005e-01 -6.95067793e-02  2.34547794e-01 -3.33095640e-02
  1.17020562e-01  3.57586801e-01 -9.95207876e-02 -2.48327851e-01
  5.12250304e-01 -7.93138817e-02 -2.55092800e-01 -2.46146828e-01
  4.31393683e-01  2.97318418e-02 -3.13303798e-01  9.43584293e-02
  2.89135188e-01 -2.93601453e-01 -2.51893193e-01 -8.04165453e-02
 -1.88029736e-01  6.44000992e-02 -4.35199961e-03  1.38707682e-01
 -1.43012226e-01  5.49288392e-02  1.31827578e-01 -2.99269438e-01
 -3.38131607e-01 -3.37822437e-01 -2.54606545e-01  9.44090188e-02
  4.12516892e-01  1.28672361e-01 -4.74023372e-02 -1.92985423e-02
  8.86153877e-02 -2.76606642e-02 -3.38077843e-01 -4.31380153e-01
  3.10706526e-01 -6.89195096e-02 -2.29066223e-01  2.20864385e-01
  2.29212642e-01 -2.05719411e-01  4.46835235e-02  2.50609338e-01
  9.96235088e-02  1.33057699e-01 -2.62600742e-02 -1.57709286e-01
  2.36928388e-02  2.98215508e-01 -2.78502762e-01  1.63327940e-02
  3.00855547e-01  2.21127998e-02  1.95417777e-01 -7.02878311e-02
  1.84839576e-01  2.61493385e-01 -4.18694764e-01 -6.20548539e-02
  9.83176082e-02 -6.80859983e-02  2.00898230e-01 -5.59117533e-02
  2.87165463e-01  2.89689098e-02  1.25378788e-01 -9.31519344e-02
  1.32858276e-01 -2.48590618e-01 -6.92162588e-02 -5.18036544e-01
 -2.52683759e-02 -5.53693175e-02  2.35126205e-02 -1.36396617e-01
 -4.02301550e-01 -7.23308176e-02 -2.68531382e-01  1.39357895e-01
  2.75379419e-01  2.11920351e-01 -1.92789733e-01 -1.68200850e-01
  1.61697075e-01  8.75378251e-02  6.90000802e-02  1.81348205e-01
 -5.38028367e-02  2.07953788e-02  3.11364412e-01 -2.10444123e-01
  5.09089679e-02  1.48497760e-01  6.77767545e-02 -4.75467920e-01
 -5.19496560e-01 -9.88173336e-02 -2.23323211e-01 -1.32220805e-01
  3.94818336e-02 -4.72920626e-01 -2.66560674e-01 -6.91451430e-02
 -3.35869014e-01  1.15362987e-01  5.32036759e-02 -2.74572968e-02
 -1.27797842e-01  1.08238727e-01 -1.99598689e-02 -3.09600264e-01
  2.35830754e-01 -4.18384522e-02  4.85565424e-01 -2.06759438e-01
  9.90534052e-02 -2.31406897e-01 -1.25840366e-01  2.24187762e-01
 -3.95465851e-01 -7.41109252e-02  1.59431640e-02  6.54505253e-01
 -1.04566462e-01 -6.08473085e-04  6.64769933e-02  3.15572798e-01
 -1.53931975e-01 -7.60883093e-02  2.86358446e-02  8.16545933e-02
  4.68530416e-01  2.79839575e-01  4.74331498e-01  3.81974846e-01
  7.70472735e-02  1.98930874e-01 -1.16617717e-01  2.66086698e-01
 -3.40619311e-02 -5.02908900e-02 -3.95022295e-02  1.04916796e-01
  1.91271007e-02 -1.26690403e-01 -6.30079582e-02  1.10087655e-01
  1.02070153e-01  6.45734370e-02 -1.73588112e-01  2.11465538e-01
  4.47990417e-01  5.57715371e-02  2.01107860e-01  1.21927515e-01
 -4.25293773e-01  4.67521213e-02 -7.24123344e-02  3.22007597e-03
  2.11428851e-01 -1.43295033e-02  1.21272527e-01  3.50218117e-02
 -2.95952499e-01 -8.47610384e-02 -1.10162802e-01  1.58376783e-01
 -1.22400366e-01  3.88175279e-01 -1.20803483e-01 -1.24146670e-01
  1.47879124e-01 -9.75000113e-02 -1.87037736e-02 -1.10608600e-01
 -4.78078015e-02  1.05975553e-01 -6.41270867e-03 -3.57065618e-01
  2.16917507e-02  1.15243047e-01  1.52852446e-01 -2.18654275e-01
  2.37339195e-02 -1.87369332e-01  1.69593692e-01 -2.79470861e-01
  2.81237692e-01  1.88945562e-01  2.94315904e-01  5.68536017e-03
 -1.74943149e-01  2.03305855e-04 -2.79191107e-01 -1.76876366e+00
 -5.11524439e-01 -1.33298099e-01  3.51234376e-01 -1.59301162e-01
 -4.62832034e-01 -1.67689711e-01  1.51448846e-01  7.38933384e-02
  8.90549198e-02  3.48152459e-01  2.13364840e-01 -2.32488051e-01
  1.85090750e-01 -1.26995653e-01  5.46922982e-02  2.42877826e-01
  2.51750112e-01  3.86756927e-01 -1.42230928e-01 -1.44428432e-01
 -4.70596272e-03 -1.86154574e-01  8.89038518e-02 -6.78375959e-02
  4.37715173e-01 -9.06132162e-02  5.47335204e-03  2.00702369e-01
  1.36384904e-01  2.31457368e-01 -4.62481752e-02  4.54643369e-03
 -3.78882021e-01  4.17047292e-02  2.98270732e-01 -4.33917105e-01
  4.71444689e-02 -2.85074174e-01  3.90270412e-01 -3.26232851e-01
  2.10835636e-01 -4.63491753e-02  3.00286710e-01  2.28995219e-01
 -1.31184846e-01 -1.35761295e-02  5.49434312e-02 -2.63395101e-01
  3.83875728e-01 -2.27655135e-02 -1.11032784e-01  3.25170666e-01
 -2.06998318e-01 -4.16767299e-01 -2.34492235e-02 -1.83091030e-01
 -2.12186165e-02 -2.28659093e-01 -8.39611664e-02  1.15812019e-01
 -2.71334082e-01 -9.98926163e-02 -5.28869510e-01 -5.08229285e-02
  2.54794776e-01  9.74783301e-02 -2.70743668e-01  1.02575392e-01
  3.85273993e-01  1.40651390e-01 -3.80916834e-01 -3.37272704e-01
 -1.55369326e-01 -2.05564126e-01  4.64803159e-01  5.36554791e-02
 -1.13998376e-01 -1.96259066e-01  2.89057225e-01 -1.11149728e-01
  2.89147943e-01  1.25148118e-01  1.40571564e-01  1.50121063e-01
 -4.23685521e-01  1.70364246e-01 -1.36502594e-01 -3.25120330e-01
  3.65022361e-01 -4.57777977e-01 -8.86379108e-02 -3.80857229e-01
  2.59327531e-01  2.11686626e-01 -1.11433066e-01 -1.60521176e-02
  3.94903347e-02  3.05688009e-03  5.08646131e-01 -5.88044785e-02
 -1.34049743e-01 -3.22614253e-01 -1.37682244e-01 -1.93032697e-01
 -1.82181299e-01 -1.69029057e-01  5.80979772e-02 -3.70649159e-01
 -8.24568942e-02  1.89065561e-02 -1.33030219e-02 -3.34052667e-02
 -2.36795649e-01 -2.72334397e-01  1.49502665e-01  2.67687023e-01
  1.10967368e-01  1.56564757e-01  8.53431318e-03  1.68186605e-01
  3.80284101e-01 -3.25710326e-02 -1.19806854e-02 -1.51228726e-01
 -1.31130926e-02 -4.21187758e-01 -2.59352744e-01 -1.01605952e-02
 -2.97779143e-01  2.59559691e-01  3.91109407e-01 -5.25251508e-01
 -1.33763686e-01 -2.87599117e-01  3.81160006e-02 -1.45831317e-01
 -1.19236521e-01  1.14128441e-01 -6.92464560e-02  4.46442097e-01
  1.67744786e-01  1.87214360e-01  2.03544527e-01  3.92364740e-01
 -1.35978147e-01 -2.13712692e-01  2.41656788e-02 -2.13237792e-01
  2.33720407e-01  9.61297285e-03 -9.67364609e-02  2.31585056e-02
 -2.08714187e-01 -9.43609178e-02 -6.96165323e-01 -1.53836757e-01
 -3.31669182e-01  1.27498090e-01  1.34847537e-01 -1.25141799e-01
  2.23745435e-01 -4.14359450e-01 -2.48646855e-01  1.99847907e-01
 -1.63831383e-01  2.27605179e-01  3.25307488e-01 -1.65456921e-01
 -1.03521034e-01 -2.82745063e-01 -2.13477656e-01 -1.64731070e-01
  4.15903747e-01  3.72198373e-02 -1.76147312e-01  5.07188290e-02
  7.97724426e-02 -4.51750718e-02 -1.39465243e-01  5.71345724e-02
 -2.77253807e-01  2.07837671e-01 -7.42295980e-02  1.52989626e-01
  3.93391475e-02 -8.46988320e-01 -2.41691209e-02 -1.48727894e-01
 -1.10774130e-01 -9.78496447e-02  1.45264894e-01  1.86721999e-02
 -1.78076401e-01 -1.76033661e-01  2.49442812e-02 -1.41459703e-01
 -1.83501109e-01  7.17689991e-02  1.71154529e-01 -3.07355821e-02
  2.05513984e-01 -3.67067814e-01  2.28247851e-01  2.91841757e-02
 -3.74816209e-02 -3.35008502e-02  1.87945753e-01 -1.64209232e-02
 -9.05591063e-04 -2.05100864e-01 -3.17993581e-01  4.83371168e-02
 -2.72018015e-01 -2.18898319e-02  3.20393622e-01 -1.82556465e-01
  3.29101026e-01  5.73029637e-01 -1.58447593e-01 -2.23364949e-01
 -1.47867929e-02 -2.08395496e-01 -3.82204056e-02 -3.16556096e-01
  8.83633941e-02 -2.76400685e-01 -3.85550298e-02  3.12620364e-02
 -1.52398512e-01 -3.45582277e-01  2.96495944e-01 -1.25743330e-01
 -4.87837475e-03  3.17370921e-01 -3.90807927e-01 -6.20610267e-02
  6.75137341e-02  1.35178491e-01  3.05716366e-01 -1.97794408e-01
 -1.10564008e-01  2.74682548e-02 -1.22301623e-01 -1.61512345e-01
 -2.95061380e-01 -1.81043476e-01 -2.27258623e-01  6.72550201e-02
  1.95673347e-01 -1.81343164e-02 -1.69040456e-01  9.43171978e-03
 -2.50660092e-01  1.92003429e-01 -1.87349305e-01  3.18583965e-01
 -8.89584720e-02 -3.37157279e-01 -2.32637078e-01 -2.87817031e-01
 -8.19426551e-02 -2.02935845e-01 -1.79525048e-01  2.45692462e-01
 -3.22141230e-01 -3.67794931e-02 -3.61248925e-02 -3.52711938e-02
  4.63530421e-02 -1.46666557e-01  1.63301289e-01  2.42277533e-01
  6.66486323e-02 -1.31171167e-01  7.64402300e-02 -3.00321519e-01
 -1.31431699e-01  1.21623069e-01  6.03850186e-02  2.44470298e-01
 -4.14101243e-01  2.69283392e-02 -4.45151255e-02 -6.10443711e-01
  1.18244663e-01  6.07220754e-02  3.30028050e-02  3.81444059e-02
  1.80918202e-02 -1.19865388e-01  4.15246636e-02  2.09519833e-01
  1.41986132e-01 -7.64612332e-02 -1.80199176e-01  1.35311335e-01
  1.59866601e-01  2.66960442e-01  4.50602621e-02 -1.46110937e-01
 -9.49253421e-03  7.14017823e-02 -1.60277739e-01  2.50872195e-01
 -6.78955242e-02  8.04037675e-02  2.55093217e-01  3.45234066e-01
  3.32647562e-01 -1.42992735e-01  3.97416234e-01 -2.66030610e-01
  1.05130248e-01  2.16904461e-01  2.81926006e-01 -3.47125649e-01
  8.97688866e-02  1.67717665e-01 -1.55472130e-01  1.73908155e-02
  2.26463210e-02 -6.00750484e-02  2.57921845e-01 -2.39194527e-01
  6.49931133e-02  7.90911764e-02  2.39731491e-01 -9.45326388e-02
  1.71100438e-01 -6.42640471e-01 -5.41303270e-02  1.82923395e-02
 -5.28375320e-02  4.30091381e-01 -1.00039065e-01  1.65804416e-01
 -3.92149568e-01 -3.05722058e-01  2.30286837e-01  2.22052932e-02
 -1.09249726e-01  3.71963799e-01  2.81178392e-02 -2.34821945e-01
 -3.40272710e-02  3.20317820e-02 -5.27906008e-02  5.37388176e-02
 -2.07489789e-01 -2.68725038e-01  9.92550477e-02  2.18882173e-01
  6.12484775e-02 -1.53849125e-01 -2.43371531e-01  2.98722893e-01
 -1.48927085e-02 -5.98245561e-02 -1.69715598e-01 -2.32183173e-01
  4.60330620e-02  5.26141934e-02  5.57590798e-02  3.00147355e-01
  1.20948419e-01  1.38072237e-01 -1.24512240e-02 -9.96702015e-02
 -1.91556558e-01 -2.59795845e-01 -1.04341194e-01  1.91790119e-01
 -1.52321398e-01 -2.85760045e-01 -2.56280959e-01  9.02694166e-02
  1.45891994e-01  8.46960247e-02  9.65121668e-03 -2.85292983e-01
 -2.40324348e-01  6.72253743e-02  3.32437336e-01  3.84830385e-01
  2.19488621e-01 -1.73824206e-02 -3.54558945e-01 -1.66157871e-01
 -1.44119129e-01  1.10586230e-02  2.01079138e-02  2.21569985e-01
  2.91998923e-01 -8.79504085e-02 -2.22394973e-01  1.77750394e-01
  3.67453396e-01  6.29474521e-02 -1.10627890e-01  3.30638187e-03
 -2.76831299e-01 -2.68067002e-01 -8.91507193e-02  1.20523684e-01
  3.69341910e-01  1.99255228e-01 -9.08915699e-02 -2.43588179e-01
  1.07313260e-01 -4.83560950e-01  1.30650192e-01 -8.00244659e-02
  1.44016109e-02 -1.07052559e-02 -4.32707340e-01 -6.17191605e-02
 -6.37980700e-02 -7.97321051e-02 -9.94822457e-02  2.47172341e-01
  1.40363947e-01  1.76597923e-01  3.15489858e-01 -6.03212081e-02
 -2.25709513e-01 -3.73903848e-03 -1.00206472e-01  4.18023467e-01
 -2.96841651e-01  3.47513668e-02 -2.72312969e-01 -6.30914941e-02
  3.94445919e-02  5.50205782e-02  1.18712159e-02 -9.56994444e-02
  2.51985015e-03 -4.47840840e-02  1.82848394e-01  8.63073766e-02
  5.54756522e-02 -2.92241156e-01 -1.87885612e-01 -2.45807040e-02
 -2.58224279e-01  1.31866872e-01 -1.28183186e-01 -9.57886949e-02
 -7.48239458e-02 -9.37584564e-02  1.04895383e-01  1.60726547e-01
 -2.71472782e-01 -6.82877898e-02 -1.07337683e-01 -2.34548926e-01
 -5.04854620e-01 -1.00314811e-01  9.27782506e-02 -1.48129404e-01
 -9.91186202e-02  4.36975509e-02  6.48817196e-02  2.19189748e-01
  7.39366263e-02 -1.88417226e-01 -9.96495634e-02  1.40744984e-01]","[-2.02427477e-01  3.33156765e-01  1.11305816e-02  1.32842392e-01
  3.58887255e-01  1.14118055e-01 -8.95202756e-02 -2.59975791e-01
 -2.27073766e-02  2.07786977e-01  2.88249522e-01  1.18715037e-03
  2.34805513e-04  3.58607620e-02  9.16552842e-02 -1.70504838e-01
 -4.38015103e-01  1.32259250e-01  5.78558147e-02 -7.47187156e-03
 -2.91706562e-01 -2.56188326e-02  1.26627430e-01 -1.05077103e-01
  5.30668311e-02 -8.76594037e-02  1.45673484e-01 -1.21908098e-01
 -5.28874546e-02 -4.78655696e-02 -1.01276278e-01  1.28553331e-01
 -7.01163784e-02 -1.50829703e-01 -9.40501317e-02  1.85612738e-02
  5.17536029e-02 -1.09738052e-01  1.19027443e-01 -1.10254943e-01
 -1.38550058e-01 -8.25949851e-03 -2.05314815e-01  5.97484186e-02
  2.77883768e-01 -2.08768889e-01 -1.46770507e-01 -1.78193286e-01
  2.15892848e-02 -2.38527268e-01  1.71819091e-01 -3.72742079e-02
  1.69978768e-01  1.59420580e-01 -2.71199167e-01 -1.34350508e-01
  3.08583349e-01  3.16953659e-02 -7.02096103e-03  9.24690142e-02
  6.44550845e-02 -2.05803961e-01  2.25180462e-01  1.31966710e-01
  1.91841349e-01 -1.59735471e-01  2.10272744e-01 -1.04838848e-01
 -1.19567916e-01 -1.04214132e-01  1.04090102e-01  2.49273516e-02
  7.57825971e-02  3.52367088e-02 -2.41277590e-02 -1.02809876e-01
  2.02093124e-02  1.24075320e-02  1.38754304e-03  1.98779479e-02
 -2.02346414e-01 -1.45687401e-01  9.40110236e-02 -1.66836232e-01
 -2.05321223e-01  7.85754621e-02 -1.56806856e-01  2.16021687e-01
  2.61948705e-02  2.39905000e-01 -1.39352232e-01 -8.98512155e-02
  2.37572920e-02  2.36311555e-01 -2.12563425e-01  5.63630871e-02
  3.12214121e-02 -2.94338286e-01  6.72393739e-02  1.43504769e-01
 -1.48510605e-01  1.37302792e-02  7.83155188e-02 -1.07336476e-01
  9.91016477e-02  1.16628364e-01 -6.81202710e-02 -2.15368807e-01
  4.02245104e-01 -5.54858148e-02 -1.07696921e-01 -8.25731382e-02
  2.42327660e-01  1.17133772e-02 -2.74873614e-01  3.17872837e-02
  2.10065186e-01 -8.69208425e-02 -1.92003757e-01 -9.70148444e-02
 -1.71642885e-01 -7.97304958e-02 -1.66736208e-02  9.67915207e-02
 -8.13138187e-02  2.56109107e-02  3.56666446e-02 -2.41041124e-01
 -3.68291765e-01 -1.04236156e-01 -2.90487230e-01  1.73484683e-02
  1.32722050e-01  9.54414383e-02 -1.33908957e-01  5.62670194e-02
  1.11274451e-01 -2.25059390e-02 -1.93291843e-01 -1.43100843e-01
  3.81087661e-01 -1.70329094e-01 -3.13796997e-01  1.43540874e-01
  1.19780920e-01 -1.34978771e-01  1.15252417e-02  1.39623016e-01
  1.55711457e-01  1.81750894e-01 -1.47745414e-02 -7.48591349e-02
 -7.55564123e-03  1.83852375e-01 -2.85341024e-01 -8.05080235e-02
  9.84315723e-02 -4.99279797e-02  1.54146984e-01 -1.12772606e-01
  1.69955373e-01  3.88343394e-01 -1.12568483e-01 -1.51061136e-02
  1.32068396e-01  2.23026685e-02  1.70705289e-01 -1.36685461e-01
  4.49036658e-02 -1.00520566e-01  7.62527138e-02 -5.17548621e-02
  2.01981634e-01 -1.42645508e-01  4.53062449e-03 -4.77503479e-01
  2.40057055e-02 -4.31733951e-03 -2.31845062e-02 -1.13887653e-01
 -3.36617410e-01 -1.26935050e-01 -2.65534818e-01 -2.91934907e-02
  1.15909427e-01  5.06579503e-02 -1.58580989e-01 -2.12035343e-01
  2.28897393e-01  5.75952008e-02  9.12298635e-02  1.26836389e-01
  1.68243274e-02  5.38869798e-02  2.16771573e-01 -2.14269131e-01
  3.40104252e-02  1.60613760e-01  1.51392967e-02 -1.95946693e-01
 -3.70525211e-01 -8.81609917e-02 -2.39524558e-01 -1.58911794e-01
 -1.60090756e-02 -4.31654930e-01 -2.12770134e-01 -4.96729836e-02
 -1.45488828e-01  1.95575461e-01 -6.78775907e-02 -1.78878885e-02
 -8.19741338e-02  1.21574275e-01  3.17975357e-02 -2.22098708e-01
  1.61768705e-01 -1.44752890e-01  3.75230610e-01 -2.34337524e-01
  1.36298954e-01 -1.10405497e-01 -7.77904242e-02  3.40394601e-02
 -2.77423084e-01  3.22571211e-02 -8.47798064e-02  3.39430958e-01
  3.12984437e-02  5.15842140e-02  1.49151713e-01  1.89793348e-01
 -8.43649954e-02 -1.01000376e-01  8.19996595e-02 -4.41503637e-02
  3.01386446e-01  2.39519864e-01  3.69212806e-01  1.78864643e-01
  9.16392636e-03  4.93153520e-02 -1.49084628e-03  3.30807865e-01
 -5.35447150e-02  9.85141546e-02 -8.00971761e-02  1.38060465e-01
  8.85791332e-02 -1.36748359e-01 -3.57860550e-02  6.53279424e-02
  2.92318016e-02 -1.56630576e-01 -1.31606698e-01  1.17524758e-01
  4.57599103e-01  5.88483512e-02  1.70622259e-01  3.00220307e-02
 -2.70408541e-01 -1.97918881e-02 -1.08864948e-01  7.81311691e-02
  1.04318433e-01 -6.89171031e-02  7.37487450e-02  2.49074139e-02
 -1.50740221e-01 -1.47955090e-01 -1.16849400e-01  1.60745159e-01
 -8.48293155e-02  2.60672927e-01 -2.13478819e-01 -1.46598043e-03
  2.62259431e-02 -1.04785919e-01 -2.18683458e-03 -6.89303353e-02
  3.40791605e-02  2.28060603e-01 -7.35306740e-02 -1.87287346e-01
  2.36406196e-02  5.85841760e-02  1.91484436e-01 -2.51707762e-01
  6.75423592e-02 -1.40669405e-01  6.59297109e-02 -1.91564605e-01
  1.52525395e-01  1.27907861e-02  1.50718480e-01  3.30988057e-02
  5.80141321e-02  1.06399566e-01 -1.07461214e-01 -1.77206111e+00
 -4.06778812e-01 -1.39582068e-01  2.18364716e-01 -1.22039970e-02
 -5.13212383e-01 -5.28053716e-02  1.42446235e-02 -1.62833780e-02
  1.11980572e-01  2.34522581e-01  1.15071408e-01 -1.33244336e-01
  3.16155180e-02 -1.00930512e-01 -1.58040994e-03  8.70348662e-02
  1.94361240e-01  2.85440862e-01 -1.04393184e-01 -1.80998087e-01
  2.74842437e-02 -1.53406262e-01  2.86182296e-03 -7.18391463e-02
  3.12612027e-01  4.40606922e-02 -7.89419860e-02  1.99150685e-02
  2.39770979e-01  1.41257554e-01  4.04561535e-02  2.83362400e-02
 -3.37923050e-01  1.56836942e-01  2.60434926e-01 -3.22711945e-01
  1.13025613e-01 -2.53287911e-01  2.47102067e-01 -2.51436532e-01
  1.34153306e-01  4.31174645e-03  1.69633269e-01  2.73783877e-02
 -1.43267140e-02 -5.78643009e-02 -4.75261919e-02 -2.44839162e-01
  2.32699245e-01 -1.59430634e-02 -4.07863408e-02  1.77710116e-01
 -1.42474532e-01 -3.76169115e-01 -4.93743345e-02 -8.55488330e-02
  3.59478518e-02 -1.67837292e-01 -6.28247410e-02  1.19012566e-02
 -1.69120848e-01 -1.32288337e-01 -4.41857129e-01  1.53877869e-01
 -1.17800906e-02  1.12103492e-01 -1.38726860e-01  1.43359452e-01
  3.50124538e-01  6.87097907e-02 -2.48128548e-01 -1.52518317e-01
 -8.92145634e-02 -1.84943259e-01  1.46043286e-01  1.55630022e-01
 -8.29440281e-02 -1.98637426e-01  2.51898408e-01 -1.37802154e-01
  2.01893434e-01 -2.91279294e-02  4.61348146e-02  1.96648151e-01
 -3.42148751e-01  5.00614792e-02 -1.61749929e-01 -1.51533276e-01
  2.56902933e-01 -3.30771387e-01 -2.15760365e-01 -1.43310606e-01
  3.59420255e-02  1.12935305e-01 -9.33992043e-02  4.20881733e-02
 -9.43459719e-02 -1.06398994e-02  2.77899772e-01 -2.19692767e-01
 -2.45220095e-01 -1.96258783e-01 -4.29136232e-02 -1.14828363e-01
 -2.24466268e-02 -1.30800502e-02 -2.44495133e-03 -3.46853137e-01
 -1.15698263e-01  1.03752434e-01 -1.16667449e-02 -1.69988692e-01
 -3.51087563e-02 -1.61210150e-01  6.99864179e-02  1.16948582e-01
  5.11244014e-02  6.38846159e-02 -1.66120101e-02  1.34949207e-01
  1.04876041e-01 -1.67256057e-01 -8.02221149e-02 -1.24687985e-01
 -1.53584123e-01 -2.33811885e-01 -3.16504419e-01  2.80613489e-02
 -1.37364283e-01  1.03728250e-01  1.00277074e-01 -2.42400482e-01
 -1.52605847e-02 -1.06714308e-01 -9.65638552e-03  4.33862768e-03
 -7.78744509e-03  7.12819099e-02 -1.12346463e-01  1.74897462e-01
  1.62501290e-01  2.30831206e-01  1.58518225e-01  2.17125729e-01
 -1.64627060e-02 -1.90819815e-01 -8.94132853e-02 -1.60845786e-01
  4.21398059e-02  1.21165261e-01 -1.02244422e-01 -5.63731119e-02
 -6.29867837e-02 -9.09216702e-03 -3.75566840e-01 -1.11044601e-01
 -1.80787772e-01  5.89841455e-02  1.03084266e-01 -8.08592290e-02
  1.89870089e-01 -3.74366134e-01 -1.31284386e-01  2.00445682e-01
 -5.69334999e-02  1.63536668e-01  1.24666750e-01 -3.38294804e-02
 -1.73873782e-01 -2.34215617e-01 -2.25204319e-01 -1.38648480e-01
  4.19367671e-01 -6.66039959e-02 -1.87513098e-01  6.14507161e-02
  1.34563863e-01  1.02142647e-01 -6.74219728e-02  8.63988996e-02
 -1.36635616e-01  4.40585613e-02  5.27306041e-03 -8.88497233e-02
  1.07379118e-02 -7.97315359e-01 -1.41945004e-01 -1.93775475e-01
 -2.96464134e-02 -3.51149514e-02  9.80605781e-02 -6.84525594e-02
 -1.82715416e-01 -2.05842137e-01 -1.00534605e-02 -6.90770820e-02
 -1.08064376e-01 -7.32113123e-02  4.06163186e-03 -6.29938953e-03
  2.22506359e-01 -4.56116885e-01  1.79511875e-01  1.95204884e-01
 -2.58820541e-02 -7.43641555e-02  1.85390145e-01  1.40614748e-01
 -9.33181345e-02 -1.73607945e-01 -2.47617692e-01  7.94601515e-02
 -1.61656320e-01  5.24647953e-03  1.80936664e-01 -1.72832057e-01
  2.15082258e-01  3.82237107e-01 -9.31095555e-02 -2.21922278e-01
  1.83626842e-02 -1.13015190e-01 -1.11261914e-02 -2.33698457e-01
  1.51950389e-01 -1.65897787e-01  2.24896483e-02  4.96390127e-02
 -1.80988610e-01 -9.47683454e-02  2.35008061e-01 -2.93881819e-02
  6.86880648e-02  6.95448667e-02 -3.68489444e-01 -8.78760815e-02
 -8.67400318e-04  2.77919155e-02  2.07306460e-01 -2.28164732e-01
 -1.62602261e-01 -2.72500515e-02 -4.84592170e-02 -1.40891463e-01
 -1.83454007e-01 -4.85685505e-02 -1.56001747e-01 -4.58440445e-02
  1.49316996e-01  2.64885742e-02 -1.15542136e-01 -6.20035268e-02
 -4.88584638e-02  1.00959584e-01 -9.97048840e-02  2.78801560e-01
  2.80212946e-02 -2.62027800e-01 -1.33973509e-01 -2.60414958e-01
 -5.59248440e-02 -1.01780005e-01 -6.69002235e-02  2.49287099e-01
 -2.74409711e-01 -3.92451808e-02  2.22865995e-02 -3.50941643e-02
 -2.91374233e-02 -6.74009174e-02  1.19061574e-01  2.96341479e-01
  2.18666762e-01 -2.27116309e-02  1.41516626e-02 -1.76854491e-01
 -1.08622499e-01  1.29719511e-01  4.10887711e-02  3.12394276e-02
 -2.90678144e-01 -3.24676484e-02 -1.74302787e-01 -3.45890701e-01
 -3.06529328e-02  3.85693759e-02  1.48000360e-01  2.01094728e-02
 -1.70323420e-02 -1.31259561e-01  7.50885755e-02 -6.95749838e-03
  2.28094846e-01 -1.54809162e-01 -2.31569469e-01  1.70257509e-01
  1.85065582e-01  2.11521804e-01  3.81899029e-02 -2.07707565e-02
 -3.06649469e-02  1.39607787e-01 -1.97707817e-01  2.63075292e-01
 -1.09916575e-01  3.18117961e-02  2.08637103e-01  2.12473765e-01
  3.60343754e-01 -1.17099360e-01  2.37098023e-01 -9.45300981e-02
  2.06309170e-01  1.23184875e-01  2.35711008e-01 -2.24541456e-01
  1.27850324e-01  2.29003012e-01 -1.97975278e-01  5.64492829e-02
  2.72939783e-02 -1.50082007e-01  1.85151309e-01 -5.09039871e-02
 -1.41363651e-01  3.40063721e-02  1.07757077e-01 -1.32039636e-01
  5.53042926e-02 -4.49787945e-01 -1.06071517e-01 -7.77661204e-02
  2.05986900e-03  1.24150582e-01  3.78755480e-02  8.48982036e-02
 -2.44806051e-01 -2.73537815e-01  5.05739078e-02  9.00438279e-02
 -4.36908975e-02  2.89427340e-01  4.45112288e-02 -1.85978472e-01
  6.50491565e-03 -1.00232914e-01 -5.76512776e-02  6.54028449e-03
 -1.32504806e-01 -1.51380748e-01 -3.40467356e-02 -2.82455143e-02
  4.79653142e-02 -9.12353992e-02 -1.50745660e-01  1.58399895e-01
  8.14049505e-03 -6.00529239e-02 -3.87236327e-02 -1.06114820e-01
  7.51352012e-02  1.30423546e-01 -3.97178456e-02  3.68383110e-01
  1.69289142e-01  1.31832004e-01 -1.28443927e-01 -2.07684875e-01
 -2.32840121e-01 -1.69838324e-01  3.38075310e-03  1.44063234e-01
 -2.27978751e-01 -2.58624434e-01 -1.74062148e-01  3.75779830e-02
  1.21406183e-01  2.16263339e-01  1.69709157e-02 -2.14996845e-01
  3.05582359e-02  7.26550072e-03  2.44205207e-01  2.73332179e-01
  1.47015750e-01 -4.69576418e-02 -2.01617062e-01 -6.26197755e-02
 -4.75875959e-02  3.49077284e-02 -9.73083917e-03  7.96884522e-02
  1.99500218e-01 -1.41867623e-01 -1.86796159e-01  3.59926894e-02
  1.86114550e-01  2.51209252e-02 -8.69781971e-02  5.06351143e-02
 -1.41161829e-01 -8.08357447e-02 -1.46898732e-01  1.15746520e-01
  2.62067616e-01  1.44215465e-01 -1.37844518e-01 -1.99496433e-01
  1.56780049e-01 -3.10008764e-01  3.73644568e-02 -1.16937421e-01
  3.45848277e-02 -7.10313767e-02 -1.46247238e-01 -1.30860746e-01
 -1.40185341e-01 -1.09940454e-01 -5.38393259e-02  1.89211920e-01
  1.33669764e-01 -1.90107562e-02  2.96087470e-02  9.63963941e-02
 -3.62919606e-02 -1.07625863e-02 -7.98003376e-02  1.77845255e-01
 -2.36172482e-01  4.77436855e-02 -1.50190115e-01 -1.28398329e-01
  2.52616610e-02  8.36099088e-02 -3.89688555e-03 -9.11048576e-02
 -5.23591600e-02 -7.63877481e-02  2.21327275e-01 -7.47440662e-03
 -4.51937877e-03 -1.02691300e-01 -1.49496853e-01  1.91045627e-01
 -2.94964224e-01  1.85702264e-01 -7.78259523e-03 -2.29964867e-01
 -1.01092137e-01 -1.09326378e-01 -5.89105487e-02  1.07512839e-01
 -1.88124120e-01 -1.86416432e-01 -1.54438704e-01 -1.52826712e-01
 -4.09740031e-01 -1.58401445e-01 -2.13895515e-02  4.10424247e-02
 -1.18784316e-01  1.79235600e-02 -1.63666112e-03  6.14660680e-02
  1.09635323e-01 -2.75475681e-01 -6.19355729e-03  1.69239432e-01]"
2,2,138.0,self_contained_central_heating,ONE_YEAR_FREE,False,True,19,2.46,32.20940550133097,903.0,1950.0,gas,False,False,1.0,765.0,84.97,Bremen,refurbished,sophisticated,negotiable,Hermann-Henrich-Meier-Allee,False,5,apartment,28213,3.0,188.9,1.0,3.480254777070064,3,False,4,Neu_Schwachhausen,"[-1.86551899e-01  2.07779258e-01  1.47737220e-01  3.77337486e-02
  5.58839083e-01 -9.40626413e-02  2.84136329e-02 -2.92112738e-01
  1.63140386e-01  2.29548857e-01  5.24379387e-02 -1.64492577e-02
 -7.44671971e-02  1.64513037e-01 -8.08731914e-02 -8.73861685e-02
 -2.04433739e-01  9.26074758e-03  1.24482937e-01  7.30541199e-02
 -4.72587980e-02 -1.69144213e-01  6.02515042e-02  4.39632870e-03
 -5.07548749e-02 -9.25424397e-02  1.70030117e-01 -2.01116353e-02
 -1.48450822e-01 -4.30144966e-02 -9.58711430e-02  2.58979857e-01
 -1.48332581e-01 -3.97250988e-02 -1.03202954e-01  4.57687257e-03
 -4.45102379e-02 -9.83646140e-03 -2.08667666e-02 -1.97376549e-01
 -4.41173166e-02 -1.19099066e-01 -1.62749469e-01  1.39624089e-01
  1.37070835e-01  5.07102720e-02 -2.82932162e-01 -2.95780469e-02
 -1.16413414e-01 -1.80674762e-01  1.95485830e-01 -4.06463295e-02
  2.42485292e-03  1.44862026e-01 -1.82981372e-01 -1.15825966e-01
  1.78525299e-01 -7.10756984e-03 -1.08304277e-01 -3.58111113e-02
 -9.77781117e-02 -2.65913427e-01  1.33667812e-01  1.82895973e-01
  1.06109582e-01 -3.67411345e-01  4.50139120e-02 -3.84602845e-01
 -9.69271064e-02 -1.62409231e-01 -6.25509471e-02  2.47216057e-02
  9.62399840e-02  1.62359774e-01 -2.79656835e-02 -2.57198047e-02
 -5.96746150e-03 -7.91001320e-02 -1.15599379e-01 -4.12255898e-03
 -5.98994642e-03 -2.27697521e-01  9.66074839e-02 -6.90338463e-02
 -1.26694068e-01  5.90998605e-02 -3.06785882e-01  1.48811579e-01
  6.96461350e-02  6.50690049e-02  2.71118879e-02  1.14514470e-01
 -8.92873555e-02  1.90696537e-01 -5.98485768e-02  1.13637939e-01
 -1.54204130e-01 -1.01456366e-01 -7.01979548e-02  5.33365160e-02
 -1.18616253e-01 -5.69453090e-03  8.76514465e-02  3.20399664e-02
  6.46152347e-02  3.25988293e-01 -1.60813063e-01 -9.15158540e-02
  1.57167315e-01  6.64405674e-02 -1.50910318e-01 -1.61442339e-01
  3.22486222e-01  1.35809898e-01 -3.10596466e-01  1.36747777e-01
  1.43696547e-01 -1.14188552e-01 -1.51207089e-01 -2.16870889e-01
 -1.28012493e-01  3.93754058e-02  1.48000112e-02  1.70877669e-02
 -1.15851700e-01 -5.95218614e-02 -4.63345572e-02 -2.15665385e-01
  5.69584705e-02 -1.17373012e-01 -2.22347140e-01  9.83030498e-02
  1.68422520e-01  8.81665349e-02  7.77196512e-02 -4.44582403e-02
 -4.59255725e-02  1.82213206e-02 -2.53109902e-01 -1.89815462e-01
  1.82020032e+00  6.68467656e-02 -1.74582615e-01  1.25498235e-01
  8.36202204e-02 -1.01414613e-01 -3.37310694e-03  1.05057076e-01
  2.63414308e-02  1.27750978e-01  2.42395420e-03 -3.26140523e-02
  2.90449359e-03  2.46057540e-01 -3.00332844e-01  1.05995359e-02
  2.84583479e-01  3.83385196e-02  1.17081344e-01  5.67001067e-02
  1.90007705e-02  8.95469412e-02 -2.21883148e-01 -3.93833928e-02
  4.10755770e-03 -5.27831912e-02  9.26097184e-02  4.53672782e-02
  1.23921895e+00 -1.70087889e-02  3.09116254e-03  4.32099476e-02
  1.02946647e-01 -2.06088632e-01 -1.40772518e-02 -2.70854712e-01
 -1.13191597e-01 -1.16786070e-01  9.24318060e-02 -1.22900516e-01
 -1.83037549e-01 -1.13708049e-01 -2.38102779e-01  2.05956444e-01
  3.03008437e-01  1.35009393e-01 -1.65403619e-01 -4.94660027e-02
  9.74981412e-02  3.22688073e-02 -5.92195168e-02  1.09963670e-01
  2.88722739e-02  2.29530800e-02  2.17390567e-01 -1.54677778e-01
  2.87710764e-02 -6.82453215e-02  1.60266444e-01 -2.24900246e-01
 -2.63521910e-01 -1.35372117e-01 -7.34725446e-02 -1.54000327e-01
  2.98678763e-02 -1.99184433e-01 -2.45839342e-01 -1.22538805e-01
 -8.51586163e-02 -1.40601337e-01  6.98498189e-02  8.27608779e-02
 -2.61006951e-02 -1.15953796e-01 -4.98476960e-02 -3.10543001e-01
  1.39557391e-01 -2.31401958e-02  2.77731597e-01 -3.81586581e-01
  1.46128148e-01  1.63368378e-02 -1.76089823e-01  1.48129955e-01
 -3.65006685e-01 -2.93034054e-02  3.87314381e-03  5.78649580e-01
 -2.59703070e-01  5.09263575e-02  1.45545043e-02  1.14385724e-01
 -6.86946511e-02  6.80697784e-02 -1.01243749e-01 -4.94052917e-02
  2.43581682e-01  1.53149605e-01  3.00133705e-01  1.53834924e-01
  2.36507058e-02  8.02735984e-02 -2.77915001e-02  1.25131577e-01
 -8.64095464e-02 -3.37958103e-03 -6.14399184e-03  5.61925247e-02
  4.13613170e-02 -5.12809381e-02 -1.34892296e-02  9.27862227e-02
  1.82916224e-02  4.99088466e-02 -5.94956465e-02  4.13235500e-02
  2.39746362e-01  4.69876416e-02  9.25970674e-02  9.01487321e-02
 -4.68047947e-01  4.17099753e-03 -5.35279661e-02 -1.19552379e-02
  9.86884758e-02  6.97820447e-04 -1.01668939e-01  8.02797005e-02
 -1.65923789e-01 -1.01535402e-01 -2.73765475e-01  3.37693319e-02
 -2.01112226e-01  1.25066191e-01 -3.99733894e-02  4.97339247e-03
  1.69349998e-01 -1.11489668e-01  1.14223436e-01 -1.00399554e-01
 -1.24298651e-02  1.04198381e-01 -1.79223511e-02 -3.51399958e-01
  3.11439633e-02  6.10919446e-02  4.39846404e-02  4.31492086e-03
  6.03731945e-02 -1.74069643e-01 -5.81150241e-02 -2.01788813e-01
  1.34551510e-01  2.32918680e-01  1.64071634e-01  2.05695573e-02
 -1.25743210e-01 -1.01867929e-01 -1.68728858e-01 -1.52601790e+00
 -3.26383203e-01 -1.56806290e-01  2.66475379e-01 -1.31162584e-01
 -1.04699805e-01 -1.96209297e-01  2.74851266e-02 -1.45029631e-02
  3.74959782e-02  2.35656470e-01  1.32167488e-01 -1.21124119e-01
  3.86897810e-02  1.45969033e-01  1.13146089e-01  1.06618330e-01
  1.74672976e-01  2.21042901e-01 -8.07641447e-02  7.09417388e-02
 -7.94097334e-02 -1.94506869e-02  8.67583752e-02 -7.09487200e-02
  2.42315352e-01 -3.30478624e-02  1.14006009e-02  9.51675698e-02
  1.54087573e-01  1.82949811e-01 -5.14089391e-02 -6.11659884e-02
 -3.79779309e-01  2.67032627e-02  9.06512141e-02 -9.83268619e-02
 -4.44917083e-02 -2.62409866e-01  1.33229256e-01 -2.58621395e-01
  1.52410179e-01 -1.65322721e-02  1.45858288e-01  3.14366400e-01
 -8.62898976e-02 -9.81091708e-03  7.90396705e-02 -1.31041571e-01
  2.61481673e-01 -8.72962549e-02 -4.09180745e-02  2.61616766e-01
 -2.19577819e-01 -3.11889410e-01  2.94094831e-02 -1.41804665e-01
  5.50678410e-02 -1.49618089e-01 -9.60774496e-02  1.10621765e-01
 -7.09224194e-02 -9.06766132e-02 -2.92048275e-01 -2.37752907e-02
  1.94836050e-01 -2.95040123e-02 -3.35631967e-01  1.41332611e-01
  3.02118599e-01  2.53790915e-01 -3.02999854e-01 -1.49450228e-01
 -2.88516194e-01 -1.99776620e-01  2.82416821e-01  1.13972742e-02
 -5.32005057e-02 -2.07406238e-01  5.06087542e-02 -5.05569950e-02
  1.43136680e-01  2.82730740e-02  1.28006376e-02  1.19013242e-01
 -2.91144755e-03  2.19197333e-01 -1.94452196e-01 -7.11729079e-02
  1.14489906e-01 -2.96560019e-01  4.42577191e-02 -2.97110140e-01
  2.08518863e-01  2.18861729e-01 -7.43873119e-02 -1.11365698e-01
  4.63918224e-02 -6.75428659e-02  3.49890888e-01 -9.77687165e-02
  2.33511627e-02 -2.85227001e-01  2.70305388e-02 -1.42777249e-01
 -1.61032140e-01 -1.82528242e-01 -7.03878701e-02 -5.19343838e-02
 -3.48434895e-02 -7.68409520e-02 -2.99135204e-02  2.96761747e-02
 -2.17300817e-01 -2.29246125e-01  9.26816836e-02  2.56654501e-01
  1.50078982e-01  8.37417841e-02 -1.44627452e-01 -3.69176753e-02
  4.14408565e-01  4.84749898e-02  2.63753086e-02  3.83331478e-02
 -1.18754022e-02 -2.56053150e-01 -2.22360075e-01 -9.07324031e-02
 -2.28694811e-01  7.69675374e-02  4.48358178e-01 -3.62143457e-01
 -9.38581899e-02 -2.17077345e-01 -7.76401311e-02 -1.16746329e-01
 -2.00775683e-01 -7.23583624e-02 -8.11633766e-02  6.76883683e-02
  1.79329067e-02  8.18013996e-02  2.09193587e-01  2.67075241e-01
 -2.15338215e-01 -2.33938098e-01  2.31579430e-02 -1.14539631e-01
  8.62860531e-02  1.26912305e-02 -2.00653106e-01 -1.20922454e-01
 -1.94409981e-01  1.24506272e-01 -3.90023887e-01 -4.11816761e-02
 -1.69119745e-01  2.98128165e-02  2.37421598e-02 -1.59352541e-01
  5.62502863e-03 -2.49500155e-01 -1.48646802e-01 -3.39857861e-02
 -1.10270128e-01  1.58126265e-01  2.04119667e-01 -1.18240155e-01
 -4.00321446e-02 -1.67317688e-01  1.01198599e-01 -1.84139490e-01
 -8.72405469e-02  5.24542108e-02 -5.10220416e-02  8.62368643e-02
  1.78216901e-02 -3.95213775e-02 -1.72157124e-01 -8.45699012e-02
 -1.79215610e-01 -1.37732297e-01 -1.81212664e-01 -8.13527703e-02
 -8.70733559e-02 -3.90696406e-01  5.71924187e-02 -1.57619432e-01
  3.44327986e-02 -4.61795926e-02  6.39749365e-03  8.26583877e-02
 -1.23492561e-01  2.63193604e-02  6.88902661e-02 -6.86078221e-02
 -1.07222065e-01  8.00353438e-02 -1.52639290e-02 -4.43096086e-02
  6.92062676e-02 -1.73393086e-01  1.81481555e-01  5.31808361e-02
  8.44577998e-02  1.01515278e-01  7.18595535e-02 -1.13853544e-01
  1.16615772e-01 -7.10895509e-02 -2.18227699e-01  8.50136112e-03
 -1.59403592e-01 -9.33561474e-03  9.71954241e-02 -1.53983504e-01
  2.74786562e-01  1.94166481e-01 -3.57545540e-02 -1.85983986e-01
 -2.23077368e-02 -1.80972397e-01 -7.26038739e-02 -8.91664922e-02
  1.79671347e-01 -3.13378215e-01 -1.04735373e-05 -2.06848010e-02
  7.70007353e-03 -1.64991021e-01 -1.56127289e-01  1.34820759e-01
 -2.51619875e-01  5.47610745e-02 -2.99335748e-01 -5.87735735e-02
  1.01964474e-01  5.09088784e-02  3.07725012e-01 -1.64154246e-01
  5.49520440e-02  5.06748967e-02 -1.39230236e-01 -1.05530024e-01
 -2.24618167e-01 -1.44839823e-01 -2.19328523e-01 -2.08104476e-02
  3.09166834e-02 -2.33134348e-02 -1.13948777e-01  1.01677477e-01
 -2.62326717e-01  6.99325353e-02 -2.84240097e-01  2.12676316e-01
  8.29737335e-02 -2.97865570e-01 -5.14981970e-02 -3.90743375e-01
 -4.36222367e-02 -1.62895679e-01 -2.82046616e-01  1.15933076e-01
 -8.28747600e-02 -5.84198758e-02 -1.43146172e-01 -8.28728229e-02
  2.04589397e-01 -2.72711180e-02  4.21164557e-02 -4.49604914e-02
 -7.12439865e-02 -4.85634655e-02  3.27756889e-02 -2.24590763e-01
 -8.26092660e-02  1.29074723e-01  1.77423686e-01  6.28988370e-02
 -3.49744618e-01 -4.48491313e-02  1.73690841e-01 -3.38797808e-01
  1.08516723e-01  1.19987242e-01 -9.86213982e-03 -4.07194486e-03
 -3.46819386e-02 -9.32341367e-02 -6.49953932e-02  9.87586305e-02
 -4.25790660e-02 -3.05244830e-02  9.29240976e-03  4.12939414e-02
 -2.90846109e-01  1.47239000e-01 -7.28066117e-02 -3.79841775e-02
  6.11054488e-02  5.81203252e-02 -5.30253910e-02  1.45140588e-01
 -5.98546043e-02 -4.02390733e-02  1.65288940e-01  2.11540699e-01
  1.41920805e-01 -9.67441350e-02  1.44524246e-01 -9.58882943e-02
  4.45827097e-02  1.19122341e-01  8.23945403e-02 -1.71097398e-01
  1.31982803e-01  1.25284344e-01 -1.39793471e-01 -4.56211232e-02
  2.33467966e-02 -4.89561856e-02  1.57352999e-01 -5.57757020e-02
  3.61506976e-02  7.99891800e-02  1.11752547e-01 -6.92680106e-02
  1.22471288e-01 -4.63124454e-01  8.75255316e-02 -1.06950432e-01
  4.06066328e-02  3.06690633e-01 -8.95374790e-02  9.63207707e-02
 -3.42954636e-01 -1.16542585e-01  1.51875392e-01 -4.99669574e-02
 -1.27950937e-01  1.04217157e-01  2.94758868e-03 -8.66968110e-02
  1.27463460e-01  8.11900496e-02 -2.20372945e-01 -9.44242626e-02
 -1.01131484e-01 -2.91904062e-01 -1.65448755e-01  3.00529659e-01
  7.58171780e-03 -1.97177559e-01 -3.12851042e-01  8.15795362e-02
 -4.90165427e-02  4.64187413e-02 -1.83388561e-01 -1.92779794e-01
  9.56995972e-03  5.17016798e-02  1.05010346e-01  2.09815890e-01
  1.97170153e-02  1.53459042e-01 -3.61767821e-02 -1.00643352e-01
 -6.26213327e-02 -1.94211245e-01 -1.56283289e-01  1.68387368e-01
 -1.68577492e-01 -5.04251532e-02 -1.92551434e-01  2.41646804e-02
  4.57680598e-02 -1.16375402e-01  1.44870430e-01 -2.03877687e-01
 -2.14783400e-01 -1.26249239e-01  1.32637501e-01  9.00184214e-02
  8.97814184e-02 -7.83469677e-02 -3.35633934e-01 -1.82488516e-01
 -4.35418040e-02 -2.68136393e-02  1.32871848e-02  1.81101725e-01
  3.81021053e-01 -5.18554524e-02 -7.52698854e-02  1.34152889e-01
  8.99322182e-02  1.75827760e-02  1.35885589e-02 -6.50711283e-02
 -1.57325089e-01 -7.43146986e-02 -4.24258038e-02  1.48816496e-01
  2.76030242e-01 -9.38892365e-03 -1.21522613e-01 -1.99635059e-01
  2.72028111e-02 -7.57923424e-02 -6.27161097e-03 -1.13438547e-01
 -8.64483714e-02 -9.08893049e-02 -3.49618465e-01 -4.77824472e-02
 -8.62610638e-02  4.00270969e-02 -2.62335641e-03  2.34749630e-01
  1.27780944e-01  1.67511702e-01  2.29386568e-01 -1.61076598e-02
 -1.61614031e-01 -9.70054045e-02 -1.28003597e-01  2.26058602e-01
 -1.79841176e-01  9.23077539e-02 -2.93302804e-01 -5.30023016e-02
  6.99626282e-02 -1.61344320e-01  2.07791142e-02 -6.81857020e-03
 -6.79518096e-03 -1.59879960e-02  1.24892123e-01 -4.45869518e-03
  3.60167623e-02 -1.79033801e-01  2.67381268e-03 -1.26008987e-01
 -5.33591732e-02 -5.21178469e-02 -1.91065967e-01 -1.22417092e-01
 -7.79847950e-02  2.38111094e-02  3.69209871e-02  7.66415074e-02
 -3.07266206e-01 -1.53017238e-01  3.91881075e-03 -1.41961694e-01
 -3.13228577e-01 -1.82648391e-01  4.87178490e-02 -9.27664340e-02
  2.55389959e-02  1.45566761e-01 -1.21650293e-01  1.00795835e-01
  7.84196407e-02 -2.88165092e-01 -1.18800096e-01 -1.86598729e-02]","[-1.92353696e-01  2.97161162e-01  6.82987720e-02  9.05348361e-02
  4.03238833e-01  7.13168010e-02 -7.50639811e-02 -2.70627439e-01
  4.78338376e-02  2.12379664e-01  2.41003126e-01  8.12338740e-02
 -5.24957962e-02  9.53768566e-02  3.67727615e-02 -1.01058885e-01
 -4.55704838e-01  4.89780232e-02  7.91552514e-02  3.67630050e-02
 -2.77948141e-01 -8.07978809e-02  2.34391943e-01 -8.15332383e-02
  1.61557347e-02 -4.74306718e-02  1.10452846e-01 -1.13019489e-01
 -6.91175014e-02 -1.06438957e-02 -1.76102698e-01  2.77119458e-01
 -1.51230663e-01 -2.48599593e-02 -1.17837250e-01  4.19756025e-02
  3.33263651e-02 -1.13106310e-01  1.10605709e-01 -1.58411488e-01
 -1.67755723e-01 -4.86215428e-02 -2.33788177e-01  6.49127066e-02
  3.75492096e-01 -1.00500569e-01 -1.99062899e-01 -2.09868774e-01
 -8.56389627e-02 -2.68869579e-01  2.44337425e-01 -5.37667386e-02
  1.26673028e-01  2.13530868e-01 -3.57049018e-01 -1.67428747e-01
  4.03075457e-01  6.07572794e-02 -1.54955193e-01  1.06207848e-01
  3.52629609e-02 -3.29671353e-01  2.30529785e-01  1.37175053e-01
  1.77970886e-01 -1.47179171e-01  2.45011449e-01 -2.62791455e-01
 -9.42283273e-02 -6.65861219e-02 -7.30243511e-04 -1.03283256e-01
  1.63544744e-01  6.80352300e-02 -4.16784883e-02 -1.25033990e-01
 -1.93336159e-02  4.19760011e-02 -6.25710264e-02  5.68050146e-02
  6.56450633e-03 -1.44992366e-01  5.20738289e-02 -1.04635671e-01
 -2.83460647e-01  1.48782656e-02 -2.77804941e-01  3.48965228e-01
  2.83930004e-02  2.63608754e-01 -1.75918311e-01  2.39322521e-03
  1.29147088e-02  1.90725133e-01 -2.31607959e-01  4.66423929e-02
  5.77003658e-02 -3.34152579e-01  1.75680034e-02  1.84221312e-01
 -2.27465168e-01 -2.23020539e-02  2.15200007e-01 -1.37740254e-01
  1.64024830e-01  2.29109049e-01 -7.82930106e-02 -2.37860292e-01
  3.99573177e-01 -5.85814416e-02 -2.10255563e-01 -1.51334465e-01
  3.74270380e-01 -1.05338395e-02 -3.10972929e-01  9.21796709e-02
  2.96042085e-01 -2.52037466e-01 -2.08575308e-01 -1.67367101e-01
 -2.40085602e-01  4.26993556e-02 -2.71573532e-02  1.66897684e-01
 -9.82538834e-02  1.93852969e-02  5.92976809e-02 -3.33848745e-01
 -3.47181290e-01 -1.54204935e-01 -2.69036651e-01  4.81338948e-02
  3.32384646e-01  1.28642112e-01  7.80725665e-03  1.72596574e-02
  9.54860672e-02 -2.55120248e-02 -2.88489759e-01 -3.13956976e-01
  3.44167560e-01 -1.05574548e-01 -2.84594119e-01  1.78235799e-01
  1.70837164e-01 -1.01452649e-01  2.44047306e-02  1.48916245e-01
  7.11640492e-02  2.00723127e-01  3.30713624e-03 -1.71581656e-01
 -9.76298191e-03  2.63672173e-01 -2.66767412e-01 -3.48234624e-02
  2.14485317e-01 -4.43347022e-02  1.53592646e-01 -8.44777077e-02
  1.66740566e-01  2.58366138e-01 -3.60901177e-01 -2.05030534e-02
  1.58041716e-01 -8.63909423e-02  1.95417970e-01 -1.24451965e-01
  2.78251141e-01  1.50249414e-02  1.55027598e-01 -4.32634875e-02
  1.78715169e-01 -1.03996105e-01 -4.36436012e-03 -5.06556988e-01
 -2.31981464e-02 -5.39415404e-02  9.03778896e-02 -1.58633441e-01
 -3.70521665e-01 -5.93048669e-02 -2.13277221e-01  7.57396668e-02
  2.08343118e-01  1.51250064e-01 -1.73891395e-01 -1.58124939e-01
  1.90168202e-01  9.58051011e-02  6.80545941e-02  2.12182313e-01
 -6.52813241e-02  3.34825777e-02  2.47601792e-01 -2.18469277e-01
  3.88025343e-02  1.14668161e-01  1.09781377e-01 -3.76864851e-01
 -4.09818679e-01 -1.24738358e-01 -2.72894144e-01 -1.56027302e-01
  4.83294129e-02 -4.86741364e-01 -2.05575481e-01 -4.77948748e-02
 -2.59795249e-01  1.61024630e-01  6.68545812e-02 -6.87991381e-02
 -9.26151797e-02  6.28499985e-02  2.20965147e-02 -3.06141496e-01
  2.35514343e-01 -2.41557006e-02  3.94959331e-01 -2.34338731e-01
  7.38240927e-02 -1.96427181e-01 -1.58270791e-01  1.11609258e-01
 -3.47167075e-01 -1.06518343e-01 -9.55584459e-03  5.97041368e-01
 -8.69897678e-02  1.27949268e-02  1.09667949e-01  2.20457181e-01
 -1.07717589e-01 -6.53547198e-02  3.81370522e-02  2.40300708e-02
  4.21851426e-01  2.59296000e-01  4.18395549e-01  2.68661559e-01
  3.18461880e-02  1.06928393e-01 -2.56115906e-02  3.07155609e-01
 -2.12050267e-02  5.31823859e-02 -9.56153125e-02  1.41140074e-01
  2.18643341e-02 -1.13322660e-01 -4.09685522e-02  1.21076301e-01
  2.76703276e-02  2.56875306e-02 -2.09050551e-01  1.76680684e-01
  4.52673972e-01  6.79875314e-02  1.95154920e-01  3.77769545e-02
 -3.77408922e-01  3.23644392e-02 -1.24787435e-01  5.73753156e-02
  1.15329966e-01 -5.12050949e-02  1.49058640e-01  4.91615869e-02
 -2.26434797e-01 -7.65046179e-02 -1.19386569e-01  1.47742212e-01
 -8.03489685e-02  3.57472241e-01 -1.77020341e-01 -7.79181570e-02
  1.13909081e-01 -1.64644241e-01 -4.68498655e-02 -5.46675324e-02
 -1.96946524e-02  1.37137175e-01  1.06562767e-02 -3.26875120e-01
  2.56413277e-02  2.78369691e-02  1.48448989e-01 -2.10106194e-01
 -7.43002305e-03 -1.79190934e-01  1.30772352e-01 -2.44424134e-01
  2.96168357e-01  1.24395259e-01  2.29900062e-01 -9.42602195e-03
 -3.82109880e-02  1.92716811e-02 -1.85466707e-01 -1.77075911e+00
 -4.62944806e-01 -1.09761171e-01  2.79052466e-01 -8.67865086e-02
 -4.89224941e-01 -2.04826578e-01  1.07013896e-01  2.27462947e-02
  5.83107024e-02  3.22919190e-01  1.49003059e-01 -1.95100859e-01
  1.29195735e-01 -1.47677526e-01  1.00458965e-01  2.31765121e-01
  2.55585998e-01  3.52766693e-01 -1.47269428e-01 -1.51112124e-01
  3.42594758e-02 -1.52905375e-01  6.63341582e-02 -7.28438050e-02
  3.42459112e-01 -8.63532200e-02 -2.07413360e-02  8.87654722e-02
  1.43924400e-01  2.25848377e-01 -4.19222638e-02  5.11067361e-03
 -4.23524052e-01  7.69529045e-02  2.42630512e-01 -3.76399279e-01
  1.76608413e-02 -2.94742107e-01  2.48871773e-01 -3.10209900e-01
  1.55256748e-01 -4.12565731e-02  2.11581349e-01  1.50142103e-01
 -1.00411557e-01 -5.64423352e-02 -5.99209499e-03 -2.23918676e-01
  3.15480590e-01 -2.87032425e-02 -1.08914100e-01  2.63817549e-01
 -1.77458674e-01 -3.74729335e-01 -3.02745327e-02 -6.04346246e-02
  6.73931465e-03 -2.36906499e-01 -5.45217954e-02  8.44574720e-02
 -2.22942412e-01 -1.60871506e-01 -4.54943955e-01 -3.62224914e-02
  2.04656884e-01  1.05760545e-01 -1.37481362e-01  1.27825975e-01
  4.14773256e-01  1.41855031e-01 -3.41689825e-01 -2.53831148e-01
 -1.30157292e-01 -1.58430219e-01  3.03748518e-01  5.53018227e-02
 -1.10832535e-01 -2.48866260e-01  2.29736075e-01 -4.67552915e-02
  2.06894368e-01  4.19668034e-02  1.53603092e-01  1.90233260e-01
 -2.44702592e-01  1.13976881e-01 -1.97270364e-01 -2.51089424e-01
  3.00727010e-01 -4.24497128e-01 -1.38981849e-01 -2.75389284e-01
  1.51953578e-01  1.81995839e-01 -1.16751581e-01 -6.11928329e-02
 -6.51538670e-02 -1.00647844e-01  4.61382002e-01 -8.94518644e-02
 -1.57185197e-01 -3.32443893e-01 -6.60895780e-02 -1.36617109e-01
 -1.67270601e-01 -5.83170578e-02  3.05330809e-02 -3.61983478e-01
 -7.49744475e-02  7.04684854e-02 -7.78375752e-03 -6.84394836e-02
 -1.32209957e-01 -1.75811976e-01  1.01444706e-01  2.30728745e-01
  1.48552522e-01  1.49275094e-01 -3.49720977e-02  1.69167668e-01
  2.74976015e-01 -6.78642392e-02 -6.26322776e-02 -1.69867784e-01
 -1.30962357e-02 -3.46971571e-01 -2.76285291e-01  1.38907582e-02
 -2.50076771e-01  2.38736451e-01  3.05852741e-01 -3.63612711e-01
 -1.30052134e-01 -3.18318367e-01  5.06905690e-02 -6.99476600e-02
 -7.75201945e-03  9.90412012e-02 -1.43923774e-01  3.18876505e-01
  1.54976353e-01  2.22916663e-01  1.78626269e-01  3.02794695e-01
 -7.08142668e-02 -2.03599513e-01  4.25226009e-03 -1.76959172e-01
  1.77074209e-01  6.15627840e-02 -1.17887631e-01 -3.59664634e-02
 -1.56260878e-01 -6.16203994e-02 -5.26292562e-01 -1.72867745e-01
 -2.98816860e-01  6.06499799e-02  1.43121719e-01 -1.48370653e-01
  1.86846226e-01 -3.28308970e-01 -2.00963140e-01  1.50616646e-01
 -1.71744168e-01  2.25669265e-01  2.70545483e-01 -1.56156749e-01
 -9.89488661e-02 -1.67012393e-01 -2.50736922e-01 -1.40179694e-01
  3.61855268e-01 -2.21562143e-02 -2.10677564e-01  7.09074512e-02
  4.11512889e-02 -3.71820480e-03 -1.36518583e-01  7.14811757e-02
 -2.57132292e-01  1.38298601e-01 -8.72427076e-02  5.64876683e-02
  9.29989107e-03 -8.14697862e-01 -4.85441536e-02 -1.85847640e-01
 -6.04611635e-02 -6.16729781e-02  1.17144033e-01 -3.63884456e-02
 -2.12650940e-01 -9.04167145e-02  9.69364028e-03 -1.75944075e-01
 -1.07360810e-01  2.45723575e-02  1.29392505e-01  2.20706128e-02
  1.52533159e-01 -4.28356290e-01  2.42071748e-01  7.00994432e-02
  1.90289831e-03 -2.54021231e-02  2.24496201e-01  4.27551791e-02
 -5.85463420e-02 -1.72239900e-01 -2.81077445e-01  3.41543294e-02
 -1.88169837e-01 -1.90710761e-02  2.55360186e-01 -1.94235995e-01
  2.65921801e-01  4.84703988e-01 -1.47027820e-01 -1.99882030e-01
 -2.79018041e-02 -1.51566535e-01  3.27060409e-02 -2.32336938e-01
  1.34937182e-01 -2.56153226e-01  4.02969532e-02  7.00767487e-02
 -1.83945030e-01 -2.70385206e-01  2.53923893e-01 -5.49052544e-02
 -1.68609191e-02  2.09256291e-01 -3.91219467e-01 -8.79501849e-02
  8.48481879e-02  9.50732529e-02  2.96453595e-01 -1.75839365e-01
 -7.85908401e-02  4.10610810e-02 -9.90397781e-02 -1.92967191e-01
 -2.56602705e-01 -1.45427972e-01 -2.31491134e-01  1.50364544e-02
  2.02129751e-01  5.31886816e-02 -9.05054063e-02  3.69607583e-02
 -1.78768054e-01  1.09671131e-01 -1.55208647e-01  2.65669882e-01
 -7.17584789e-02 -3.05885434e-01 -1.79083660e-01 -2.49430582e-01
 -3.83831784e-02 -1.81124181e-01 -2.05098063e-01  2.73601741e-01
 -3.06053877e-01 -4.74684685e-02  1.88666005e-02 -4.38473374e-02
  1.70901697e-03 -1.15801640e-01  1.62287429e-01  2.11784989e-01
  8.82486552e-02 -4.80578430e-02  9.29645300e-02 -2.80041844e-01
 -6.26467243e-02  1.43301874e-01  4.75900099e-02  2.01897323e-01
 -4.24430400e-01  3.77190299e-05 -1.46916568e-01 -5.12670517e-01
  1.16545536e-01  6.37692213e-02  4.88877483e-03  4.09176946e-02
  8.63560662e-03 -1.02844670e-01  1.07764609e-01  1.13122806e-01
  1.76005840e-01 -9.32560340e-02 -2.19453871e-01  1.15261883e-01
  1.59847170e-01  2.33450711e-01  2.52296273e-02 -1.03914335e-01
  4.75462526e-04  1.29757047e-01 -1.33622244e-01  2.53149807e-01
 -7.59979710e-02  2.66251937e-02  2.00185522e-01  3.36478293e-01
  2.94421285e-01 -6.49152547e-02  3.40545118e-01 -2.21156850e-01
  1.12406909e-01  2.06407011e-01  2.68306494e-01 -3.13549072e-01
  1.22445233e-01  2.34039068e-01 -1.78592458e-01  9.80499238e-02
 -1.19742885e-01 -8.74524713e-02  2.68553942e-01 -1.62831530e-01
 -3.23380232e-02  8.13479424e-02  1.79237038e-01 -1.03311911e-01
  1.35691211e-01 -6.05207443e-01 -2.69817971e-02 -2.72135548e-02
 -1.35220028e-02  3.35341692e-01 -9.38621908e-02  1.47809416e-01
 -3.40898275e-01 -3.15106511e-01  1.59765467e-01  5.02791591e-02
 -4.80015688e-02  2.88478971e-01  4.31934185e-02 -2.01164216e-01
 -4.06723395e-02  3.97297591e-02 -3.86552215e-02  2.93714423e-02
 -2.32999220e-01 -2.95018643e-01  2.96888258e-02  1.06292553e-01
  4.14237902e-02 -1.76039472e-01 -2.76800931e-01  2.44904101e-01
 -1.33966943e-02 -4.22647372e-02 -6.80440813e-02 -1.78088397e-01
  1.08884331e-02  3.34954970e-02  1.86174922e-02  3.87813956e-01
  1.55865401e-01  7.18865469e-02  3.65140140e-02 -2.26332918e-01
 -2.12586403e-01 -2.89856613e-01  1.16907097e-02  2.10053295e-01
 -9.82399136e-02 -2.69224048e-01 -2.72970557e-01  9.46466774e-02
  1.13990426e-01  1.16221212e-01 -2.55364366e-02 -2.35158861e-01
 -2.05700830e-01  3.71158123e-02  3.56548995e-01  3.20709169e-01
  2.58047521e-01  4.20171060e-02 -3.50176156e-01 -1.42794698e-01
 -1.43552661e-01  3.62812206e-02  2.90071648e-02  2.22388268e-01
  2.73422658e-01 -9.24256742e-02 -2.05237195e-01  1.35427758e-01
  3.08462948e-01  9.54116210e-02 -2.86430996e-02  7.11717755e-02
 -2.26689696e-01 -2.19756246e-01 -7.72828162e-02  1.45938635e-01
  3.64427447e-01  1.65062606e-01 -1.46980390e-01 -2.46368140e-01
  1.14380315e-01 -4.48421001e-01  6.92256168e-02 -1.25274271e-01
 -2.65393928e-02 -5.68940267e-02 -3.30088913e-01 -9.27715972e-02
 -1.20436266e-01 -8.73579532e-02 -4.93445098e-02  1.91952676e-01
  1.25721768e-01  8.44415054e-02  1.92336112e-01 -9.89792868e-03
 -2.08346143e-01 -6.33554347e-03 -1.43885776e-01  3.37121546e-01
 -2.32231557e-01  4.41770703e-02 -2.06547379e-01 -9.44527015e-02
  1.45435007e-02  5.25736511e-02  4.25077826e-02 -4.59271669e-02
 -7.83922225e-02 -3.27960774e-02  1.33542746e-01  3.09915505e-02
 -4.79310192e-03 -2.15019971e-01 -1.75338775e-01  4.80899140e-02
 -1.84146583e-01  1.98514774e-01 -1.88750438e-02 -1.21512435e-01
 -9.63255465e-02 -1.41957253e-01  5.49734123e-02  1.08109914e-01
 -2.79067278e-01 -1.44163877e-01 -1.34833366e-01 -1.84335142e-01
 -4.43790585e-01 -9.91094112e-02 -8.12405068e-03 -7.03276023e-02
 -1.15625948e-01  2.23201849e-02  1.02130771e-01  8.13486725e-02
  5.09211458e-02 -2.05736563e-01 -8.16402882e-02  7.80939758e-02]"
